CS,Endog.,Iteration,Cost,Low,High,LB,LBLow,LBHigh
"[10, 1, 20, 5]","[1.9, 3.1, 3.1, 2.5, -0.1, -0.2, -0.3, -0.4]",0,351.48105612627734,347.92483166868027,355.0372805838744,343.37536145595845,333.3235257138275,353.4271971980894
"[10, 1, 20, 5]","[1.9, 3.1, 3.1, 2.5, -0.1, -0.2, -0.3, -0.4]",1,361.14351579137724,357.5384445394166,364.74858704333786,343.37536145595845,333.3235257138275,353.4271971980894
"[10, 1, 20, 5]","[1.9, 3.1, 3.1, 2.5, -0.1, -0.2, -0.3, -0.4]",2,360.1810380999364,356.56277741990783,363.799298779965,343.37536145595845,333.3235257138275,353.4271971980894
"[10, 1, 20, 5]","[1.9, 3.1, 3.1, 2.5, -0.1, -0.2, -0.3, -0.4]",3,360.1973914765391,356.66518698261723,363.729595970461,343.37536145595845,333.3235257138275,353.4271971980894
"[10, 1, 20, 5]","[1.9, 3.1, 3.1, 2.5, -0.1, -0.2, -0.3, -0.4]",4,360.33081039332205,356.8397462725915,363.8218745140526,343.37536145595845,333.3235257138275,353.4271971980894
"[10, 1, 20, 5]","[1.9, 3.1, 3.1, 2.5, -0.1, -0.2, -0.3, -0.4]",5,360.8025965722076,357.3293081369337,364.2758850074815,343.37536145595845,333.3235257138275,353.4271971980894
"[10, 1, 20, 5]","[1.9, 3.1, 3.1, 2.5, -0.1, -0.2, -0.3, -0.4]",6,361.3367352221258,357.8102129103449,364.86325753390673,343.37536145595845,333.3235257138275,353.4271971980894
"[10, 1, 20, 5]","[1.9, 3.1, 3.1, 2.5, -0.1, -0.2, -0.3, -0.4]",7,360.95391178199054,357.42919748899425,364.47862607498683,343.37536145595845,333.3235257138275,353.4271971980894
"[10, 1, 20, 5]","[1.9, 3.1, 3.1, 2.5, -0.1, -0.2, -0.3, -0.4]",8,360.7251447131033,357.19152443657225,364.25876498963436,343.37536145595845,333.3235257138275,353.4271971980894
"[10, 1, 20, 5]","[1.9, 3.1, 3.1, 2.5, -0.1, -0.2, -0.3, -0.4]",9,361.17860849547765,357.60328883559527,364.75392815536003,343.37536145595845,333.3235257138275,353.4271971980894
"[10, 1, 20, 5]","[1.9, 3.1, 3.1, 2.5, -0.1, -0.2, -0.3, -0.4]",10,360.8163362207835,357.26334798587743,364.3693244556896,343.37536145595845,333.3235257138275,353.4271971980894
"[10, 1, 20, 5]","[1.9, 3.1, 3.1, 2.5, -0.05, -0.1, -0.15, -0.2]",0,330.7895534410577,327.4571696905707,334.1219371915447,321.81511629810916,312.3713014911769,331.2589311050414
"[10, 1, 20, 5]","[1.9, 3.1, 3.1, 2.5, -0.05, -0.1, -0.15, -0.2]",1,335.62640007613123,332.3881162553572,338.86468389690526,321.81511629810916,312.3713014911769,331.2589311050414
"[10, 1, 20, 5]","[1.9, 3.1, 3.1, 2.5, -0.05, -0.1, -0.15, -0.2]",2,335.37610416239545,332.0977232955635,338.6544850292274,321.81511629810916,312.3713014911769,331.2589311050414
"[10, 1, 20, 5]","[1.9, 3.1, 3.1, 2.5, -0.05, -0.1, -0.15, -0.2]",3,335.2922551369516,332.0793974714795,338.5051128024237,321.81511629810916,312.3713014911769,331.2589311050414
"[10, 1, 20, 5]","[1.9, 3.1, 3.1, 2.5, -0.05, -0.1, -0.15, -0.2]",4,334.02711225134715,330.8078974472035,337.2463270554908,321.81511629810916,312.3713014911769,331.2589311050414
"[10, 1, 20, 5]","[1.9, 3.1, 3.1, 2.5, -0.05, -0.1, -0.15, -0.2]",5,333.75694898739835,330.5302470993182,336.9836508754785,321.81511629810916,312.3713014911769,331.2589311050414
"[10, 1, 20, 5]","[1.9, 3.1, 3.1, 2.5, -0.05, -0.1, -0.15, -0.2]",6,333.3912084694805,330.1443037444418,336.6381131945192,321.81511629810916,312.3713014911769,331.2589311050414
"[10, 1, 20, 5]","[1.9, 3.1, 3.1, 2.5, -0.05, -0.1, -0.15, -0.2]",7,333.0753285402572,329.8375068778116,336.3131502027028,321.81511629810916,312.3713014911769,331.2589311050414
"[10, 1, 20, 5]","[1.9, 3.1, 3.1, 2.5, -0.05, -0.1, -0.15, -0.2]",8,332.81066858367586,329.5889516760459,336.03238549130583,321.81511629810916,312.3713014911769,331.2589311050414
"[10, 1, 20, 5]","[1.9, 3.1, 3.1, 2.5, -0.05, -0.1, -0.15, -0.2]",9,332.4262367700098,329.20626665802774,335.6462068819918,321.81511629810916,312.3713014911769,331.2589311050414
"[10, 1, 20, 5]","[1.9, 3.1, 3.1, 2.5, -0.05, -0.1, -0.15, -0.2]",10,331.9791507122777,328.784963179361,335.17333824519443,321.81511629810916,312.3713014911769,331.2589311050414
"[10, 1, 20, 5]","[1.9, 3.1, 3.1, 2.5, -0.03, -0.06, -0.08, -0.09]",0,325.17689604352057,321.8908821989834,328.46290988805777,312.5814582365463,303.4098920004803,321.75302447261237
"[10, 1, 20, 5]","[1.9, 3.1, 3.1, 2.5, -0.03, -0.06, -0.08, -0.09]",1,324.26843202608916,321.1402822732362,327.3965817789421,312.5814582365463,303.4098920004803,321.75302447261237
"[10, 1, 20, 5]","[1.9, 3.1, 3.1, 2.5, -0.03, -0.06, -0.08, -0.09]",2,323.58637297134743,320.466363298748,326.7063826439469,312.5814582365463,303.4098920004803,321.75302447261237
"[10, 1, 20, 5]","[1.9, 3.1, 3.1, 2.5, -0.03, -0.06, -0.08, -0.09]",3,323.5513186537209,320.4405076873522,326.6621296200896,312.5814582365463,303.4098920004803,321.75302447261237
"[10, 1, 20, 5]","[1.9, 3.1, 3.1, 2.5, -0.03, -0.06, -0.08, -0.09]",4,323.82451640476137,320.7241472703098,326.92488553921294,312.5814582365463,303.4098920004803,321.75302447261237
"[10, 1, 20, 5]","[1.9, 3.1, 3.1, 2.5, -0.03, -0.06, -0.08, -0.09]",5,323.76228456669764,320.661953866599,326.8626152667963,312.5814582365463,303.4098920004803,321.75302447261237
"[10, 1, 20, 5]","[1.9, 3.1, 3.1, 2.5, -0.03, -0.06, -0.08, -0.09]",6,324.73441146596736,321.58215611858395,327.88666681335076,312.5814582365463,303.4098920004803,321.75302447261237
"[10, 1, 20, 5]","[1.9, 3.1, 3.1, 2.5, -0.03, -0.06, -0.08, -0.09]",7,325.0092754794701,321.82032652100924,328.19822443793095,312.5814582365463,303.4098920004803,321.75302447261237
"[10, 1, 20, 5]","[1.9, 3.1, 3.1, 2.5, -0.03, -0.06, -0.08, -0.09]",8,325.1759122141154,321.9765221571822,328.37530227104855,312.5814582365463,303.4098920004803,321.75302447261237
"[10, 1, 20, 5]","[1.9, 3.1, 3.1, 2.5, -0.03, -0.06, -0.08, -0.09]",9,325.3969451788781,322.19556842920684,328.5983219285494,312.5814582365463,303.4098920004803,321.75302447261237
"[10, 1, 20, 5]","[1.9, 3.1, 3.1, 2.5, -0.03, -0.06, -0.08, -0.09]",10,325.1708369963744,321.96838677265737,328.37328722009147,312.5814582365463,303.4098920004803,321.75302447261237
"[10, 1, 20, 5]","[1.9, 3.1, 3.1, 2.5, -0.03, -0.06, -0.03, -0.09]",0,324.07674544055425,320.8018328956729,327.3516579854356,310.63514743919893,301.5189861702468,319.75130870815104
"[10, 1, 20, 5]","[1.9, 3.1, 3.1, 2.5, -0.03, -0.06, -0.03, -0.09]",1,320.89300569540416,317.869997012523,323.9160143782853,310.63514743919893,301.5189861702468,319.75130870815104
"[10, 1, 20, 5]","[1.9, 3.1, 3.1, 2.5, -0.03, -0.06, -0.03, -0.09]",2,319.6547172071934,316.70926411033906,322.60017030404777,310.63514743919893,301.5189861702468,319.75130870815104
"[10, 1, 20, 5]","[1.9, 3.1, 3.1, 2.5, -0.03, -0.06, -0.03, -0.09]",3,321.2616547415511,318.1500883789114,324.37322110419086,310.63514743919893,301.5189861702468,319.75130870815104
"[10, 1, 20, 5]","[1.9, 3.1, 3.1, 2.5, -0.03, -0.06, -0.03, -0.09]",4,320.63275996068484,317.52246974765245,323.7430501737172,310.63514743919893,301.5189861702468,319.75130870815104
"[10, 1, 20, 5]","[1.9, 3.1, 3.1, 2.5, -0.03, -0.06, -0.03, -0.09]",5,321.795189297048,318.67109316590296,324.91928542819306,310.63514743919893,301.5189861702468,319.75130870815104
"[10, 1, 20, 5]","[1.9, 3.1, 3.1, 2.5, -0.03, -0.06, -0.03, -0.09]",6,321.0788569660734,317.99406367548414,324.1636502566626,310.63514743919893,301.5189861702468,319.75130870815104
"[10, 1, 20, 5]","[1.9, 3.1, 3.1, 2.5, -0.03, -0.06, -0.03, -0.09]",7,320.2256270201487,317.1731684148744,323.278085625423,310.63514743919893,301.5189861702468,319.75130870815104
"[10, 1, 20, 5]","[1.9, 3.1, 3.1, 2.5, -0.03, -0.06, -0.03, -0.09]",8,320.48542309645,317.44805638879575,323.52278980410426,310.63514743919893,301.5189861702468,319.75130870815104
"[10, 1, 20, 5]","[1.9, 3.1, 3.1, 2.5, -0.03, -0.06, -0.03, -0.09]",9,320.5017159806307,317.4656031765764,323.537828784685,310.63514743919893,301.5189861702468,319.75130870815104
"[10, 1, 20, 5]","[1.9, 3.1, 3.1, 2.5, -0.03, -0.06, -0.03, -0.09]",10,320.23933019363216,317.2304619708736,323.2481984163907,310.63514743919893,301.5189861702468,319.75130870815104
"[10, 1, 20, 5]","[1.9, 3.1, 3.1, 2.5, 0.0, 0.0, 0.0, 0.0]",0,322.1724083899714,318.9149958098667,325.4298209700761,307.79609602263525,298.7697252269644,316.8224668183061
"[10, 1, 20, 5]","[1.9, 3.1, 3.1, 2.5, 0.0, 0.0, 0.0, 0.0]",1,319.22229074262515,316.1904880767866,322.2540934084637,307.79609602263525,298.7697252269644,316.8224668183061
"[10, 1, 20, 5]","[1.9, 3.1, 3.1, 2.5, 0.0, 0.0, 0.0, 0.0]",2,316.4102332325713,313.52191565417536,319.2985508109672,307.79609602263525,298.7697252269644,316.8224668183061
"[10, 1, 20, 5]","[1.9, 3.1, 3.1, 2.5, 0.0, 0.0, 0.0, 0.0]",3,316.25038318233146,313.3606287643065,319.1401376003564,307.79609602263525,298.7697252269644,316.8224668183061
"[10, 1, 20, 5]","[1.9, 3.1, 3.1, 2.5, 0.0, 0.0, 0.0, 0.0]",4,315.7501003405156,312.9028446032098,318.59735607782136,307.79609602263525,298.7697252269644,316.8224668183061
"[10, 1, 20, 5]","[1.9, 3.1, 3.1, 2.5, 0.0, 0.0, 0.0, 0.0]",5,315.77463008205126,312.9231727920818,318.6260873720207,307.79609602263525,298.7697252269644,316.8224668183061
"[10, 1, 20, 5]","[1.9, 3.1, 3.1, 2.5, 0.0, 0.0, 0.0, 0.0]",6,315.90798523851925,313.0546514604278,318.7613190166107,307.79609602263525,298.7697252269644,316.8224668183061
"[10, 1, 20, 5]","[1.9, 3.1, 3.1, 2.5, 0.0, 0.0, 0.0, 0.0]",7,315.7579774213176,312.9084180061124,318.6075368365228,307.79609602263525,298.7697252269644,316.8224668183061
"[10, 1, 20, 5]","[1.9, 3.1, 3.1, 2.5, 0.0, 0.0, 0.0, 0.0]",8,315.33903112739625,312.4859277562684,318.1921344985241,307.79609602263525,298.7697252269644,316.8224668183061
"[10, 1, 20, 5]","[1.9, 3.1, 3.1, 2.5, 0.0, 0.0, 0.0, 0.0]",9,315.20037901111607,312.34351639644774,318.0572416257844,307.79609602263525,298.7697252269644,316.8224668183061
"[10, 1, 20, 5]","[1.9, 3.1, 3.1, 2.5, 0.0, 0.0, 0.0, 0.0]",10,315.273751908659,312.40953433585696,318.137969481461,307.79609602263525,298.7697252269644,316.8224668183061
"[10, 1, 20, 5]","[1.6, 2.6, 2.8, 1.6, 0.0, 0.0, 0.0, 0.0]",0,324.5740196986014,321.3086530922118,327.83938630499097,310.7748339055866,301.6510894299289,319.8985783812443
"[10, 1, 20, 5]","[1.6, 2.6, 2.8, 1.6, 0.0, 0.0, 0.0, 0.0]",1,321.25023382552075,318.2881569003212,324.2123107507203,310.7748339055866,301.6510894299289,319.8985783812443
"[10, 1, 20, 5]","[1.6, 2.6, 2.8, 1.6, 0.0, 0.0, 0.0, 0.0]",2,319.25729491281606,316.346189935371,322.1683998902611,310.7748339055866,301.6510894299289,319.8985783812443
"[10, 1, 20, 5]","[1.6, 2.6, 2.8, 1.6, 0.0, 0.0, 0.0, 0.0]",3,318.41231415514375,315.543206788631,321.2814215216565,310.7748339055866,301.6510894299289,319.8985783812443
"[10, 1, 20, 5]","[1.6, 2.6, 2.8, 1.6, 0.0, 0.0, 0.0, 0.0]",4,317.9740840862142,315.10626048639847,320.8419076860299,310.7748339055866,301.6510894299289,319.8985783812443
"[10, 1, 20, 5]","[1.6, 2.6, 2.8, 1.6, 0.0, 0.0, 0.0, 0.0]",5,318.39927257770313,315.5301063812449,321.2684387741614,310.7748339055866,301.6510894299289,319.8985783812443
"[10, 1, 20, 5]","[1.6, 2.6, 2.8, 1.6, 0.0, 0.0, 0.0, 0.0]",6,318.5472806800658,315.6482218683972,321.4463394917344,310.7748339055866,301.6510894299289,319.8985783812443
"[10, 1, 20, 5]","[1.6, 2.6, 2.8, 1.6, 0.0, 0.0, 0.0, 0.0]",7,319.07060905997383,316.1289342609835,322.01228385896417,310.7748339055866,301.6510894299289,319.8985783812443
"[10, 1, 20, 5]","[1.6, 2.6, 2.8, 1.6, 0.0, 0.0, 0.0, 0.0]",8,318.0068244092094,315.1132970167523,320.9003518016665,310.7748339055866,301.6510894299289,319.8985783812443
"[10, 1, 20, 5]","[1.6, 2.6, 2.8, 1.6, 0.0, 0.0, 0.0, 0.0]",9,318.36780275456675,315.5468964932456,321.1887090158879,310.7748339055866,301.6510894299289,319.8985783812443
"[10, 1, 20, 5]","[1.6, 2.6, 2.8, 1.6, 0.0, 0.0, 0.0, 0.0]",10,317.9802148367813,315.1348374771786,320.8255921963839,310.7748339055866,301.6510894299289,319.8985783812443
"[10, 1, 20, 20]","[1.9, 3.1, 3.1, 2.5, -0.1, -0.2, -0.3, -0.4]",0,420.9079168735359,416.3057823211147,425.5100514259571,392.144703138768,380.59357542242134,403.6958308551147
"[10, 1, 20, 20]","[1.9, 3.1, 3.1, 2.5, -0.1, -0.2, -0.3, -0.4]",1,429.5380187001021,424.67345931067814,434.40257808952606,392.144703138768,380.59357542242134,403.6958308551147
"[10, 1, 20, 20]","[1.9, 3.1, 3.1, 2.5, -0.1, -0.2, -0.3, -0.4]",2,426.9033255173303,421.9641408867067,431.84251014795393,392.144703138768,380.59357542242134,403.6958308551147
"[10, 1, 20, 20]","[1.9, 3.1, 3.1, 2.5, -0.1, -0.2, -0.3, -0.4]",3,427.48436702499,422.43613448697175,432.5325995630082,392.144703138768,380.59357542242134,403.6958308551147
"[10, 1, 20, 20]","[1.9, 3.1, 3.1, 2.5, -0.1, -0.2, -0.3, -0.4]",4,427.92956249000036,422.85889342948093,433.0002315505198,392.144703138768,380.59357542242134,403.6958308551147
"[10, 1, 20, 20]","[1.9, 3.1, 3.1, 2.5, -0.1, -0.2, -0.3, -0.4]",5,427.25463977804696,422.1864946977891,432.32278485830483,392.144703138768,380.59357542242134,403.6958308551147
"[10, 1, 20, 20]","[1.9, 3.1, 3.1, 2.5, -0.1, -0.2, -0.3, -0.4]",6,427.1891026460306,422.13481529324474,432.2433899988165,392.144703138768,380.59357542242134,403.6958308551147
"[10, 1, 20, 20]","[1.9, 3.1, 3.1, 2.5, -0.1, -0.2, -0.3, -0.4]",7,427.11518928960083,422.07579040230735,432.1545881768943,392.144703138768,380.59357542242134,403.6958308551147
"[10, 1, 20, 20]","[1.9, 3.1, 3.1, 2.5, -0.1, -0.2, -0.3, -0.4]",8,427.2019196817184,422.11701040296487,432.2868289604719,392.144703138768,380.59357542242134,403.6958308551147
"[10, 1, 20, 20]","[1.9, 3.1, 3.1, 2.5, -0.1, -0.2, -0.3, -0.4]",9,427.59734336655765,422.52751132171613,432.66717541139917,392.144703138768,380.59357542242134,403.6958308551147
"[10, 1, 20, 20]","[1.9, 3.1, 3.1, 2.5, -0.1, -0.2, -0.3, -0.4]",10,427.1474960008359,422.0826630339819,432.21232896768987,392.144703138768,380.59357542242134,403.6958308551147
"[10, 1, 20, 20]","[1.9, 3.1, 3.1, 2.5, -0.05, -0.1, -0.15, -0.2]",0,373.68572964769197,369.58222630810764,377.7892329872763,357.1144333806157,346.549039502596,367.67982725863544
"[10, 1, 20, 20]","[1.9, 3.1, 3.1, 2.5, -0.05, -0.1, -0.15, -0.2]",1,382.2487409621001,377.9771501685805,386.5203317556197,357.1144333806157,346.549039502596,367.67982725863544
"[10, 1, 20, 20]","[1.9, 3.1, 3.1, 2.5, -0.05, -0.1, -0.15, -0.2]",2,381.6227607303319,377.33709192134125,385.9084295393225,357.1144333806157,346.549039502596,367.67982725863544
"[10, 1, 20, 20]","[1.9, 3.1, 3.1, 2.5, -0.05, -0.1, -0.15, -0.2]",3,381.38566982172745,377.0524485475413,385.7188910959136,357.1144333806157,346.549039502596,367.67982725863544
"[10, 1, 20, 20]","[1.9, 3.1, 3.1, 2.5, -0.05, -0.1, -0.15, -0.2]",4,381.2930593934229,376.9720682448291,385.6140505420167,357.1144333806157,346.549039502596,367.67982725863544
"[10, 1, 20, 20]","[1.9, 3.1, 3.1, 2.5, -0.05, -0.1, -0.15, -0.2]",5,380.46488222815935,376.15006630665175,384.77969814966696,357.1144333806157,346.549039502596,367.67982725863544
"[10, 1, 20, 20]","[1.9, 3.1, 3.1, 2.5, -0.05, -0.1, -0.15, -0.2]",6,380.16290670154405,375.83417522852454,384.49163817456355,357.1144333806157,346.549039502596,367.67982725863544
"[10, 1, 20, 20]","[1.9, 3.1, 3.1, 2.5, -0.05, -0.1, -0.15, -0.2]",7,380.40479005863403,376.06825905081405,384.741321066454,357.1144333806157,346.549039502596,367.67982725863544
"[10, 1, 20, 20]","[1.9, 3.1, 3.1, 2.5, -0.05, -0.1, -0.15, -0.2]",8,380.4077961266419,376.0923086984892,384.72328355479465,357.1144333806157,346.549039502596,367.67982725863544
"[10, 1, 20, 20]","[1.9, 3.1, 3.1, 2.5, -0.05, -0.1, -0.15, -0.2]",9,380.3810477157535,376.0628423472717,384.69925308423524,357.1144333806157,346.549039502596,367.67982725863544
"[10, 1, 20, 20]","[1.9, 3.1, 3.1, 2.5, -0.05, -0.1, -0.15, -0.2]",10,380.4318524695382,376.1062518721911,384.7574530668854,357.1144333806157,346.549039502596,367.67982725863544
"[10, 1, 20, 20]","[1.9, 3.1, 3.1, 2.5, -0.03, -0.06, -0.08, -0.09]",0,353.66832526004254,349.8968815477152,357.43976897236985,340.4885490693407,330.40637988588173,350.5707182527997
"[10, 1, 20, 20]","[1.9, 3.1, 3.1, 2.5, -0.03, -0.06, -0.08, -0.09]",1,360.28905007572854,356.26415699106195,364.3139431603951,340.4885490693407,330.40637988588173,350.5707182527997
"[10, 1, 20, 20]","[1.9, 3.1, 3.1, 2.5, -0.03, -0.06, -0.08, -0.09]",2,359.0609210530857,355.1332104578001,362.98863164837127,340.4885490693407,330.40637988588173,350.5707182527997
"[10, 1, 20, 20]","[1.9, 3.1, 3.1, 2.5, -0.03, -0.06, -0.08, -0.09]",3,358.4672291512401,354.5745081074524,362.35995019502775,340.4885490693407,330.40637988588173,350.5707182527997
"[10, 1, 20, 20]","[1.9, 3.1, 3.1, 2.5, -0.03, -0.06, -0.08, -0.09]",4,358.45018733785867,354.53679417726676,362.3635804984506,340.4885490693407,330.40637988588173,350.5707182527997
"[10, 1, 20, 20]","[1.9, 3.1, 3.1, 2.5, -0.03, -0.06, -0.08, -0.09]",5,358.30730327084007,354.4065304470642,362.20807609461593,340.4885490693407,330.40637988588173,350.5707182527997
"[10, 1, 20, 20]","[1.9, 3.1, 3.1, 2.5, -0.03, -0.06, -0.08, -0.09]",6,358.3822776575961,354.48643261246787,362.2781227027243,340.4885490693407,330.40637988588173,350.5707182527997
"[10, 1, 20, 20]","[1.9, 3.1, 3.1, 2.5, -0.03, -0.06, -0.08, -0.09]",7,358.37585858774094,354.46250485845064,362.28921231703123,340.4885490693407,330.40637988588173,350.5707182527997
"[10, 1, 20, 20]","[1.9, 3.1, 3.1, 2.5, -0.03, -0.06, -0.08, -0.09]",8,358.3414193455214,354.41323789737226,362.2696007936705,340.4885490693407,330.40637988588173,350.5707182527997
"[10, 1, 20, 20]","[1.9, 3.1, 3.1, 2.5, -0.03, -0.06, -0.08, -0.09]",9,358.31263156948415,354.36679958130134,362.25846355766697,340.4885490693407,330.40637988588173,350.5707182527997
"[10, 1, 20, 20]","[1.9, 3.1, 3.1, 2.5, -0.03, -0.06, -0.08, -0.09]",10,358.41450277382063,354.4806929284955,362.34831261914576,340.4885490693407,330.40637988588173,350.5707182527997
"[10, 1, 20, 20]","[1.9, 3.1, 3.1, 2.5, -0.03, -0.06, -0.03, -0.09]",0,349.49344373414874,345.7830795726865,353.20380789561096,337.11779544894944,327.12676539924513,347.10882549865374
"[10, 1, 20, 20]","[1.9, 3.1, 3.1, 2.5, -0.03, -0.06, -0.03, -0.09]",1,356.36159040500155,352.3725381252161,360.350642684787,337.11779544894944,327.12676539924513,347.10882549865374
"[10, 1, 20, 20]","[1.9, 3.1, 3.1, 2.5, -0.03, -0.06, -0.03, -0.09]",2,355.77254061652025,351.79177495898097,359.7533062740595,337.11779544894944,327.12676539924513,347.10882549865374
"[10, 1, 20, 20]","[1.9, 3.1, 3.1, 2.5, -0.03, -0.06, -0.03, -0.09]",3,354.4295704708949,350.5193533825272,358.33978755926256,337.11779544894944,327.12676539924513,347.10882549865374
"[10, 1, 20, 20]","[1.9, 3.1, 3.1, 2.5, -0.03, -0.06, -0.03, -0.09]",4,354.37199234615184,350.472565484275,358.2714192080287,337.11779544894944,327.12676539924513,347.10882549865374
"[10, 1, 20, 20]","[1.9, 3.1, 3.1, 2.5, -0.03, -0.06, -0.03, -0.09]",5,354.2718333053265,350.3812457545097,358.1624208561433,337.11779544894944,327.12676539924513,347.10882549865374
"[10, 1, 20, 20]","[1.9, 3.1, 3.1, 2.5, -0.03, -0.06, -0.03, -0.09]",6,354.0477619149913,350.1684867419176,357.92703708806505,337.11779544894944,327.12676539924513,347.10882549865374
"[10, 1, 20, 20]","[1.9, 3.1, 3.1, 2.5, -0.03, -0.06, -0.03, -0.09]",7,354.15027356036705,350.2892233368726,358.0113237838615,337.11779544894944,327.12676539924513,347.10882549865374
"[10, 1, 20, 20]","[1.9, 3.1, 3.1, 2.5, -0.03, -0.06, -0.03, -0.09]",8,353.96116910153626,350.0988284807312,357.8235097223413,337.11779544894944,327.12676539924513,347.10882549865374
"[10, 1, 20, 20]","[1.9, 3.1, 3.1, 2.5, -0.03, -0.06, -0.03, -0.09]",9,354.0884464638252,350.23548366303703,357.9414092646134,337.11779544894944,327.12676539924513,347.10882549865374
"[10, 1, 20, 20]","[1.9, 3.1, 3.1, 2.5, -0.03, -0.06, -0.03, -0.09]",10,353.9384630623703,350.0950631061329,357.78186301860774,337.11779544894944,327.12676539924513,347.10882549865374
"[10, 1, 20, 20]","[1.9, 3.1, 3.1, 2.5, 0.0, 0.0, 0.0, 0.0]",0,343.30136272586105,339.67525412447964,346.9274713272425,331.3461973988358,321.53364677103554,341.15874802663603
"[10, 1, 20, 20]","[1.9, 3.1, 3.1, 2.5, 0.0, 0.0, 0.0, 0.0]",1,350.1315465060115,346.3150193741039,353.9480736379191,331.3461973988358,321.53364677103554,341.15874802663603
"[10, 1, 20, 20]","[1.9, 3.1, 3.1, 2.5, 0.0, 0.0, 0.0, 0.0]",2,350.06698438387457,346.21238829784943,353.9215804698997,331.3461973988358,321.53364677103554,341.15874802663603
"[10, 1, 20, 20]","[1.9, 3.1, 3.1, 2.5, 0.0, 0.0, 0.0, 0.0]",3,348.79568286804334,344.991468672449,352.5998970636377,331.3461973988358,321.53364677103554,341.15874802663603
"[10, 1, 20, 20]","[1.9, 3.1, 3.1, 2.5, 0.0, 0.0, 0.0, 0.0]",4,348.4603245018495,344.67635348626425,352.2442955174348,331.3461973988358,321.53364677103554,341.15874802663603
"[10, 1, 20, 20]","[1.9, 3.1, 3.1, 2.5, 0.0, 0.0, 0.0, 0.0]",5,348.17281297855675,344.39244595316313,351.95318000395037,331.3461973988358,321.53364677103554,341.15874802663603
"[10, 1, 20, 20]","[1.9, 3.1, 3.1, 2.5, 0.0, 0.0, 0.0, 0.0]",6,347.62016755729366,343.8738904426689,351.36644467191843,331.3461973988358,321.53364677103554,341.15874802663603
"[10, 1, 20, 20]","[1.9, 3.1, 3.1, 2.5, 0.0, 0.0, 0.0, 0.0]",7,347.79308649428594,343.98447793841956,351.60169505015233,331.3461973988358,321.53364677103554,341.15874802663603
"[10, 1, 20, 20]","[1.9, 3.1, 3.1, 2.5, 0.0, 0.0, 0.0, 0.0]",8,347.89324458753896,344.0912472817011,351.6952418933768,331.3461973988358,321.53364677103554,341.15874802663603
"[10, 1, 20, 20]","[1.9, 3.1, 3.1, 2.5, 0.0, 0.0, 0.0, 0.0]",9,347.9566737989143,344.1417382281791,351.7716093696495,331.3461973988358,321.53364677103554,341.15874802663603
"[10, 1, 20, 20]","[1.9, 3.1, 3.1, 2.5, 0.0, 0.0, 0.0, 0.0]",10,347.57450056578824,343.7677092298344,351.3812919017421,331.3461973988358,321.53364677103554,341.15874802663603
"[10, 1, 20, 20]","[1.6, 2.6, 2.8, 1.6, 0.0, 0.0, 0.0, 0.0]",0,351.17000328835377,347.45914410958363,354.8808624671239,338.2476064511741,328.21241743436065,348.2827954679875
"[10, 1, 20, 20]","[1.6, 2.6, 2.8, 1.6, 0.0, 0.0, 0.0, 0.0]",1,357.1246251205011,353.11983228480904,361.12941795619315,338.2476064511741,328.21241743436065,348.2827954679875
"[10, 1, 20, 20]","[1.6, 2.6, 2.8, 1.6, 0.0, 0.0, 0.0, 0.0]",2,357.0567416367611,353.0902951394123,361.0231881341099,338.2476064511741,328.21241743436065,348.2827954679875
"[10, 1, 20, 20]","[1.6, 2.6, 2.8, 1.6, 0.0, 0.0, 0.0, 0.0]",3,355.4342014763729,351.51437822610393,359.35402472664185,338.2476064511741,328.21241743436065,348.2827954679875
"[10, 1, 20, 20]","[1.6, 2.6, 2.8, 1.6, 0.0, 0.0, 0.0, 0.0]",4,354.9391693934733,351.04322879469333,358.8351099922533,338.2476064511741,328.21241743436065,348.2827954679875
"[10, 1, 20, 20]","[1.6, 2.6, 2.8, 1.6, 0.0, 0.0, 0.0, 0.0]",5,354.5063635469465,350.5919291407822,358.42079795311076,338.2476064511741,328.21241743436065,348.2827954679875
"[10, 1, 20, 20]","[1.6, 2.6, 2.8, 1.6, 0.0, 0.0, 0.0, 0.0]",6,354.36406059239823,350.4553941436423,358.27272704115416,338.2476064511741,328.21241743436065,348.2827954679875
"[10, 1, 20, 20]","[1.6, 2.6, 2.8, 1.6, 0.0, 0.0, 0.0, 0.0]",7,354.2816566831529,350.3792197571808,358.184093609125,338.2476064511741,328.21241743436065,348.2827954679875
"[10, 1, 20, 20]","[1.6, 2.6, 2.8, 1.6, 0.0, 0.0, 0.0, 0.0]",8,353.9973702147139,350.13278161570213,357.86195881372566,338.2476064511741,328.21241743436065,348.2827954679875
"[10, 1, 20, 20]","[1.6, 2.6, 2.8, 1.6, 0.0, 0.0, 0.0, 0.0]",9,354.22403722918204,350.3579198828903,358.0901545754738,338.2476064511741,328.21241743436065,348.2827954679875
"[10, 1, 20, 20]","[1.6, 2.6, 2.8, 1.6, 0.0, 0.0, 0.0, 0.0]",10,354.1648960872573,350.3029912906725,358.02680088384216,338.2476064511741,328.21241743436065,348.2827954679875
"[10, 1, 20, 80]","[1.9, 3.1, 3.1, 2.5, -0.1, -0.2, -0.3, -0.4]",0,586.4498072680537,576.4603010033476,596.4393135327599,477.3714808049042,463.1798086697296,491.5631529400788
"[10, 1, 20, 80]","[1.9, 3.1, 3.1, 2.5, -0.1, -0.2, -0.3, -0.4]",1,584.7443258197281,576.3111492750891,593.1775023643672,477.3714808049042,463.1798086697296,491.5631529400788
"[10, 1, 20, 80]","[1.9, 3.1, 3.1, 2.5, -0.1, -0.2, -0.3, -0.4]",2,585.0989010060099,576.8057302090402,593.3920718029796,477.3714808049042,463.1798086697296,491.5631529400788
"[10, 1, 20, 80]","[1.9, 3.1, 3.1, 2.5, -0.1, -0.2, -0.3, -0.4]",3,587.937327654669,579.5326749908791,596.341980318459,477.3714808049042,463.1798086697296,491.5631529400788
"[10, 1, 20, 80]","[1.9, 3.1, 3.1, 2.5, -0.1, -0.2, -0.3, -0.4]",4,588.9622370352433,580.5681027465237,597.356371323963,477.3714808049042,463.1798086697296,491.5631529400788
"[10, 1, 20, 80]","[1.9, 3.1, 3.1, 2.5, -0.1, -0.2, -0.3, -0.4]",5,588.5059726971841,580.1357145648504,596.8762308295178,477.3714808049042,463.1798086697296,491.5631529400788
"[10, 1, 20, 80]","[1.9, 3.1, 3.1, 2.5, -0.1, -0.2, -0.3, -0.4]",6,589.5114790224752,581.1325884225184,597.890369622432,477.3714808049042,463.1798086697296,491.5631529400788
"[10, 1, 20, 80]","[1.9, 3.1, 3.1, 2.5, -0.1, -0.2, -0.3, -0.4]",7,589.8644902601211,581.4569710282699,598.2720094919723,477.3714808049042,463.1798086697296,491.5631529400788
"[10, 1, 20, 80]","[1.9, 3.1, 3.1, 2.5, -0.1, -0.2, -0.3, -0.4]",8,590.27566805182,581.8652422806923,598.6860938229478,477.3714808049042,463.1798086697296,491.5631529400788
"[10, 1, 20, 80]","[1.9, 3.1, 3.1, 2.5, -0.1, -0.2, -0.3, -0.4]",9,590.7119653911351,582.3526371150147,599.0712936672555,477.3714808049042,463.1798086697296,491.5631529400788
"[10, 1, 20, 80]","[1.9, 3.1, 3.1, 2.5, -0.1, -0.2, -0.3, -0.4]",10,591.0296168436992,582.606135680045,599.4530980073533,477.3714808049042,463.1798086697296,491.5631529400788
"[10, 1, 20, 80]","[1.9, 3.1, 3.1, 2.5, -0.05, -0.1, -0.15, -0.2]",0,509.04186773797386,500.01699762417735,518.0667378517704,421.2975150662595,408.6854391317432,433.90959100077583
"[10, 1, 20, 80]","[1.9, 3.1, 3.1, 2.5, -0.05, -0.1, -0.15, -0.2]",1,491.47298119457867,484.49716646716894,498.4487959219884,421.2975150662595,408.6854391317432,433.90959100077583
"[10, 1, 20, 80]","[1.9, 3.1, 3.1, 2.5, -0.05, -0.1, -0.15, -0.2]",2,491.2590700620804,484.38795677160033,498.1301833525605,421.2975150662595,408.6854391317432,433.90959100077583
"[10, 1, 20, 80]","[1.9, 3.1, 3.1, 2.5, -0.05, -0.1, -0.15, -0.2]",3,490.7401629290393,483.8594475105518,497.6208783475268,421.2975150662595,408.6854391317432,433.90959100077583
"[10, 1, 20, 80]","[1.9, 3.1, 3.1, 2.5, -0.05, -0.1, -0.15, -0.2]",4,485.9229732506337,479.16748817210276,492.6784583291646,421.2975150662595,408.6854391317432,433.90959100077583
"[10, 1, 20, 80]","[1.9, 3.1, 3.1, 2.5, -0.05, -0.1, -0.15, -0.2]",5,486.3733122928835,479.6106801734034,493.1359444123636,421.2975150662595,408.6854391317432,433.90959100077583
"[10, 1, 20, 80]","[1.9, 3.1, 3.1, 2.5, -0.05, -0.1, -0.15, -0.2]",6,486.25784304136147,479.491567100169,493.02411898255394,421.2975150662595,408.6854391317432,433.90959100077583
"[10, 1, 20, 80]","[1.9, 3.1, 3.1, 2.5, -0.05, -0.1, -0.15, -0.2]",7,484.9692458659912,478.1948881032756,491.74360362870675,421.2975150662595,408.6854391317432,433.90959100077583
"[10, 1, 20, 80]","[1.9, 3.1, 3.1, 2.5, -0.05, -0.1, -0.15, -0.2]",8,485.3726720952174,478.62524583105875,492.1200983593761,421.2975150662595,408.6854391317432,433.90959100077583
"[10, 1, 20, 80]","[1.9, 3.1, 3.1, 2.5, -0.05, -0.1, -0.15, -0.2]",9,485.4012244531173,478.6077717716746,492.19467713456004,421.2975150662595,408.6854391317432,433.90959100077583
"[10, 1, 20, 80]","[1.9, 3.1, 3.1, 2.5, -0.05, -0.1, -0.15, -0.2]",10,487.0186547154949,480.23526771967795,493.80204171131186,421.2975150662595,408.6854391317432,433.90959100077583
"[10, 1, 20, 80]","[1.9, 3.1, 3.1, 2.5, -0.03, -0.06, -0.08, -0.09]",0,458.1314697815154,449.96281320587684,466.300126357154,393.796064690153,381.9791465683264,405.6129828119796
"[10, 1, 20, 80]","[1.9, 3.1, 3.1, 2.5, -0.03, -0.06, -0.08, -0.09]",1,443.4789644115506,437.23435277307345,449.7235760500277,393.796064690153,381.9791465683264,405.6129828119796
"[10, 1, 20, 80]","[1.9, 3.1, 3.1, 2.5, -0.03, -0.06, -0.08, -0.09]",2,440.17234872879413,433.8654989013932,446.47919855619506,393.796064690153,381.9791465683264,405.6129828119796
"[10, 1, 20, 80]","[1.9, 3.1, 3.1, 2.5, -0.03, -0.06, -0.08, -0.09]",3,441.87928899071517,435.4876232621567,448.2709547192736,393.796064690153,381.9791465683264,405.6129828119796
"[10, 1, 20, 80]","[1.9, 3.1, 3.1, 2.5, -0.03, -0.06, -0.08, -0.09]",4,443.54714136443044,437.1400087473531,449.9542739815078,393.796064690153,381.9791465683264,405.6129828119796
"[10, 1, 20, 80]","[1.9, 3.1, 3.1, 2.5, -0.03, -0.06, -0.08, -0.09]",5,443.24102907621057,436.79534084370715,449.686717308714,393.796064690153,381.9791465683264,405.6129828119796
"[10, 1, 20, 80]","[1.9, 3.1, 3.1, 2.5, -0.03, -0.06, -0.08, -0.09]",6,443.25106232943784,436.8055455306373,449.6965791282384,393.796064690153,381.9791465683264,405.6129828119796
"[10, 1, 20, 80]","[1.9, 3.1, 3.1, 2.5, -0.03, -0.06, -0.08, -0.09]",7,444.1228118881582,437.6860303998087,450.5595933765077,393.796064690153,381.9791465683264,405.6129828119796
"[10, 1, 20, 80]","[1.9, 3.1, 3.1, 2.5, -0.03, -0.06, -0.08, -0.09]",8,443.7294320468591,437.29354506689975,450.1653190268184,393.796064690153,381.9791465683264,405.6129828119796
"[10, 1, 20, 80]","[1.9, 3.1, 3.1, 2.5, -0.03, -0.06, -0.08, -0.09]",9,443.61114420700994,437.1585506358627,450.0637377781572,393.796064690153,381.9791465683264,405.6129828119796
"[10, 1, 20, 80]","[1.9, 3.1, 3.1, 2.5, -0.03, -0.06, -0.08, -0.09]",10,442.6714111873276,436.2409846834333,449.1018376912219,393.796064690153,381.9791465683264,405.6129828119796
"[10, 1, 20, 80]","[1.9, 3.1, 3.1, 2.5, -0.03, -0.06, -0.03, -0.09]",0,444.7678685070621,436.74403047721466,452.7917065369095,388.27656216332673,376.60247743033716,399.9506468963163
"[10, 1, 20, 80]","[1.9, 3.1, 3.1, 2.5, -0.03, -0.06, -0.03, -0.09]",1,433.720482314236,427.623918077126,439.817046551346,388.27656216332673,376.60247743033716,399.9506468963163
"[10, 1, 20, 80]","[1.9, 3.1, 3.1, 2.5, -0.03, -0.06, -0.03, -0.09]",2,434.0790950107481,427.927174349408,440.23101567208823,388.27656216332673,376.60247743033716,399.9506468963163
"[10, 1, 20, 80]","[1.9, 3.1, 3.1, 2.5, -0.03, -0.06, -0.03, -0.09]",3,433.2905620176843,427.12707612456046,439.45404791080813,388.27656216332673,376.60247743033716,399.9506468963163
"[10, 1, 20, 80]","[1.9, 3.1, 3.1, 2.5, -0.03, -0.06, -0.03, -0.09]",4,432.9637662588351,426.7747105914706,439.15282192619964,388.27656216332673,376.60247743033716,399.9506468963163
"[10, 1, 20, 80]","[1.9, 3.1, 3.1, 2.5, -0.03, -0.06, -0.03, -0.09]",5,432.62325773135217,426.4433345296705,438.80318093303384,388.27656216332673,376.60247743033716,399.9506468963163
"[10, 1, 20, 80]","[1.9, 3.1, 3.1, 2.5, -0.03, -0.06, -0.03, -0.09]",6,432.92655743386143,426.73875914517606,439.1143557225468,388.27656216332673,376.60247743033716,399.9506468963163
"[10, 1, 20, 80]","[1.9, 3.1, 3.1, 2.5, -0.03, -0.06, -0.03, -0.09]",7,431.9673805229972,425.7653562421429,438.1694048038515,388.27656216332673,376.60247743033716,399.9506468963163
"[10, 1, 20, 80]","[1.9, 3.1, 3.1, 2.5, -0.03, -0.06, -0.03, -0.09]",8,432.0365800441189,425.85190254712666,438.2212575411112,388.27656216332673,376.60247743033716,399.9506468963163
"[10, 1, 20, 80]","[1.9, 3.1, 3.1, 2.5, -0.03, -0.06, -0.03, -0.09]",9,432.774293893583,426.5568991773102,438.99168860985577,388.27656216332673,376.60247743033716,399.9506468963163
"[10, 1, 20, 80]","[1.9, 3.1, 3.1, 2.5, -0.03, -0.06, -0.03, -0.09]",10,432.68867688748077,426.4586359330427,438.91871784191886,388.27656216332673,376.60247743033716,399.9506468963163
"[10, 1, 20, 80]","[1.9, 3.1, 3.1, 2.5, 0.0, 0.0, 0.0, 0.0]",0,426.9338254278436,419.46174542022993,434.40590543545727,377.9633743913482,366.6042214318447,389.3225273508518
"[10, 1, 20, 80]","[1.9, 3.1, 3.1, 2.5, 0.0, 0.0, 0.0, 0.0]",1,418.27007543752353,412.54020525635445,423.9999456186926,377.9633743913482,366.6042214318447,389.3225273508518
"[10, 1, 20, 80]","[1.9, 3.1, 3.1, 2.5, 0.0, 0.0, 0.0, 0.0]",2,419.07028134662784,413.2809067094428,424.8596559838129,377.9633743913482,366.6042214318447,389.3225273508518
"[10, 1, 20, 80]","[1.9, 3.1, 3.1, 2.5, 0.0, 0.0, 0.0, 0.0]",3,418.6908485680841,412.8383101169037,424.5433870192645,377.9633743913482,366.6042214318447,389.3225273508518
"[10, 1, 20, 80]","[1.9, 3.1, 3.1, 2.5, 0.0, 0.0, 0.0, 0.0]",4,419.13087652881546,413.1998909347435,425.0618621228874,377.9633743913482,366.6042214318447,389.3225273508518
"[10, 1, 20, 80]","[1.9, 3.1, 3.1, 2.5, 0.0, 0.0, 0.0, 0.0]",5,420.1259804615138,414.3047728585334,425.9471880644942,377.9633743913482,366.6042214318447,389.3225273508518
"[10, 1, 20, 80]","[1.9, 3.1, 3.1, 2.5, 0.0, 0.0, 0.0, 0.0]",6,418.8971610256198,413.07568766060564,424.718634390634,377.9633743913482,366.6042214318447,389.3225273508518
"[10, 1, 20, 80]","[1.9, 3.1, 3.1, 2.5, 0.0, 0.0, 0.0, 0.0]",7,418.97264036020266,413.14611425758875,424.7991664628166,377.9633743913482,366.6042214318447,389.3225273508518
"[10, 1, 20, 80]","[1.9, 3.1, 3.1, 2.5, 0.0, 0.0, 0.0, 0.0]",8,418.82407620760796,412.98655541711025,424.66159699810567,377.9633743913482,366.6042214318447,389.3225273508518
"[10, 1, 20, 80]","[1.9, 3.1, 3.1, 2.5, 0.0, 0.0, 0.0, 0.0]",9,418.9705578072057,413.14023742337844,424.80087819103295,377.9633743913482,366.6042214318447,389.3225273508518
"[10, 1, 20, 80]","[1.9, 3.1, 3.1, 2.5, 0.0, 0.0, 0.0, 0.0]",10,418.9668239245056,413.1371749167159,424.79647293229533,377.9633743913482,366.6042214318447,389.3225273508518
"[10, 1, 20, 80]","[1.6, 2.6, 2.8, 1.6, 0.0, 0.0, 0.0, 0.0]",0,452.0217678948076,443.8108206194316,460.23271517018367,392.0962701484974,380.28631815550443,403.9062221414904
"[10, 1, 20, 80]","[1.6, 2.6, 2.8, 1.6, 0.0, 0.0, 0.0, 0.0]",1,437.93047292598106,431.6448527630373,444.2160930889248,392.0962701484974,380.28631815550443,403.9062221414904
"[10, 1, 20, 80]","[1.6, 2.6, 2.8, 1.6, 0.0, 0.0, 0.0, 0.0]",2,434.32042961352647,428.0090194167837,440.63183981026924,392.0962701484974,380.28631815550443,403.9062221414904
"[10, 1, 20, 80]","[1.6, 2.6, 2.8, 1.6, 0.0, 0.0, 0.0, 0.0]",3,433.1086200039473,426.76524382156407,439.4519961863305,392.0962701484974,380.28631815550443,403.9062221414904
"[10, 1, 20, 80]","[1.6, 2.6, 2.8, 1.6, 0.0, 0.0, 0.0, 0.0]",4,435.36444494271075,429.05375556727773,441.67513431814376,392.0962701484974,380.28631815550443,403.9062221414904
"[10, 1, 20, 80]","[1.6, 2.6, 2.8, 1.6, 0.0, 0.0, 0.0, 0.0]",5,435.00504081204133,428.67006490671713,441.34001671736553,392.0962701484974,380.28631815550443,403.9062221414904
"[10, 1, 20, 80]","[1.6, 2.6, 2.8, 1.6, 0.0, 0.0, 0.0, 0.0]",6,433.8793892440735,427.56753105005384,440.1912474380931,392.0962701484974,380.28631815550443,403.9062221414904
"[10, 1, 20, 80]","[1.6, 2.6, 2.8, 1.6, 0.0, 0.0, 0.0, 0.0]",7,433.30425293692895,426.99011348563255,439.61839238822535,392.0962701484974,380.28631815550443,403.9062221414904
"[10, 1, 20, 80]","[1.6, 2.6, 2.8, 1.6, 0.0, 0.0, 0.0, 0.0]",8,432.72658532256514,426.3941303272079,439.0590403179224,392.0962701484974,380.28631815550443,403.9062221414904
"[10, 1, 20, 80]","[1.6, 2.6, 2.8, 1.6, 0.0, 0.0, 0.0, 0.0]",9,433.24312447493827,426.9255512958669,439.56069765400963,392.0962701484974,380.28631815550443,403.9062221414904
"[10, 1, 20, 80]","[1.6, 2.6, 2.8, 1.6, 0.0, 0.0, 0.0, 0.0]",10,433.30758414957984,427.0078931846464,439.6072751145133,392.0962701484974,380.28631815550443,403.9062221414904
"[100, 1, 20, 5]","[1.9, 3.1, 3.1, 2.5, -0.1, -0.2, -0.3, -0.4]",0,1383.298718650661,1375.126989105466,1391.4704481958559,1175.0518992555685,1141.2277415463595,1208.8760569647775
"[100, 1, 20, 5]","[1.9, 3.1, 3.1, 2.5, -0.1, -0.2, -0.3, -0.4]",1,1279.7766309847316,1274.8965491477816,1284.6567128216816,1175.0518992555685,1141.2277415463595,1208.8760569647775
"[100, 1, 20, 5]","[1.9, 3.1, 3.1, 2.5, -0.1, -0.2, -0.3, -0.4]",2,1257.558103706139,1252.6067717180606,1262.5094356942175,1175.0518992555685,1141.2277415463595,1208.8760569647775
"[100, 1, 20, 5]","[1.9, 3.1, 3.1, 2.5, -0.1, -0.2, -0.3, -0.4]",3,1244.8090963633647,1239.567522681658,1250.0506700450715,1175.0518992555685,1141.2277415463595,1208.8760569647775
"[100, 1, 20, 5]","[1.9, 3.1, 3.1, 2.5, -0.1, -0.2, -0.3, -0.4]",4,1240.587728243661,1235.25740533258,1245.9180511547422,1175.0518992555685,1141.2277415463595,1208.8760569647775
"[100, 1, 20, 5]","[1.9, 3.1, 3.1, 2.5, -0.1, -0.2, -0.3, -0.4]",5,1238.9881574459982,1233.6423427157076,1244.3339721762889,1175.0518992555685,1141.2277415463595,1208.8760569647775
"[100, 1, 20, 5]","[1.9, 3.1, 3.1, 2.5, -0.1, -0.2, -0.3, -0.4]",6,1239.1920490305163,1233.8577244939643,1244.5263735670683,1175.0518992555685,1141.2277415463595,1208.8760569647775
"[100, 1, 20, 5]","[1.9, 3.1, 3.1, 2.5, -0.1, -0.2, -0.3, -0.4]",7,1238.0940944870827,1232.6903995716189,1243.4977894025465,1175.0518992555685,1141.2277415463595,1208.8760569647775
"[100, 1, 20, 5]","[1.9, 3.1, 3.1, 2.5, -0.1, -0.2, -0.3, -0.4]",8,1235.6464790580949,1230.2458026546924,1241.0471554614974,1175.0518992555685,1141.2277415463595,1208.8760569647775
"[100, 1, 20, 5]","[1.9, 3.1, 3.1, 2.5, -0.1, -0.2, -0.3, -0.4]",9,1235.3567485771214,1229.943885740554,1240.7696114136888,1175.0518992555685,1141.2277415463595,1208.8760569647775
"[100, 1, 20, 5]","[1.9, 3.1, 3.1, 2.5, -0.1, -0.2, -0.3, -0.4]",10,1235.8218737905984,1230.4716012238143,1241.1721463573824,1175.0518992555685,1141.2277415463595,1208.8760569647775
"[100, 1, 20, 5]","[1.9, 3.1, 3.1, 2.5, -0.05, -0.1, -0.15, -0.2]",0,1302.3003186130352,1294.061228786027,1310.5394084400434,1018.8947920131651,989.641947083534,1048.1476369427962
"[100, 1, 20, 5]","[1.9, 3.1, 3.1, 2.5, -0.05, -0.1, -0.15, -0.2]",1,1104.6011913889854,1100.6691644535688,1108.533218324402,1018.8947920131651,989.641947083534,1048.1476369427962
"[100, 1, 20, 5]","[1.9, 3.1, 3.1, 2.5, -0.05, -0.1, -0.15, -0.2]",2,1075.5702249330752,1071.2966313381164,1079.843818528034,1018.8947920131651,989.641947083534,1048.1476369427962
"[100, 1, 20, 5]","[1.9, 3.1, 3.1, 2.5, -0.05, -0.1, -0.15, -0.2]",3,1074.1425822512567,1069.819150510571,1078.4660139919424,1018.8947920131651,989.641947083534,1048.1476369427962
"[100, 1, 20, 5]","[1.9, 3.1, 3.1, 2.5, -0.05, -0.1, -0.15, -0.2]",4,1073.164544349391,1068.6911958412843,1077.6378928574977,1018.8947920131651,989.641947083534,1048.1476369427962
"[100, 1, 20, 5]","[1.9, 3.1, 3.1, 2.5, -0.05, -0.1, -0.15, -0.2]",5,1070.304187981071,1065.903068040201,1074.7053079219409,1018.8947920131651,989.641947083534,1048.1476369427962
"[100, 1, 20, 5]","[1.9, 3.1, 3.1, 2.5, -0.05, -0.1, -0.15, -0.2]",6,1062.459671617014,1058.0829527079568,1066.8363905260712,1018.8947920131651,989.641947083534,1048.1476369427962
"[100, 1, 20, 5]","[1.9, 3.1, 3.1, 2.5, -0.05, -0.1, -0.15, -0.2]",7,1059.4448481141205,1055.0079332071475,1063.8817630210935,1018.8947920131651,989.641947083534,1048.1476369427962
"[100, 1, 20, 5]","[1.9, 3.1, 3.1, 2.5, -0.05, -0.1, -0.15, -0.2]",8,1058.74719281561,1054.3024209149357,1063.1919647162845,1018.8947920131651,989.641947083534,1048.1476369427962
"[100, 1, 20, 5]","[1.9, 3.1, 3.1, 2.5, -0.05, -0.1, -0.15, -0.2]",9,1059.7993598633093,1055.315331898327,1064.2833878282916,1018.8947920131651,989.641947083534,1048.1476369427962
"[100, 1, 20, 5]","[1.9, 3.1, 3.1, 2.5, -0.05, -0.1, -0.15, -0.2]",10,1060.1339941757553,1055.6414520227597,1064.626536328751,1018.8947920131651,989.641947083534,1048.1476369427962
"[100, 1, 20, 5]","[1.9, 3.1, 3.1, 2.5, -0.03, -0.06, -0.08, -0.09]",0,1291.8818461302471,1283.6289621263797,1300.1347301341145,954.1306987646038,926.8689836837053,981.3924138455023
"[100, 1, 20, 5]","[1.9, 3.1, 3.1, 2.5, -0.03, -0.06, -0.08, -0.09]",1,1053.3072075686023,1049.4543045726664,1057.1601105645382,954.1306987646038,926.8689836837053,981.3924138455023
"[100, 1, 20, 5]","[1.9, 3.1, 3.1, 2.5, -0.03, -0.06, -0.08, -0.09]",2,1013.0095456857912,1008.914607180936,1017.1044841906464,954.1306987646038,926.8689836837053,981.3924138455023
"[100, 1, 20, 5]","[1.9, 3.1, 3.1, 2.5, -0.03, -0.06, -0.08, -0.09]",3,1002.3171921252874,998.2594432402698,1006.3749410103051,954.1306987646038,926.8689836837053,981.3924138455023
"[100, 1, 20, 5]","[1.9, 3.1, 3.1, 2.5, -0.03, -0.06, -0.08, -0.09]",4,993.8456335218541,989.6535616936409,998.0377053500673,954.1306987646038,926.8689836837053,981.3924138455023
"[100, 1, 20, 5]","[1.9, 3.1, 3.1, 2.5, -0.03, -0.06, -0.08, -0.09]",5,993.4950162625175,989.3208432866293,997.6691892384058,954.1306987646038,926.8689836837053,981.3924138455023
"[100, 1, 20, 5]","[1.9, 3.1, 3.1, 2.5, -0.03, -0.06, -0.08, -0.09]",6,993.698158526788,989.523277947747,997.873039105829,954.1306987646038,926.8689836837053,981.3924138455023
"[100, 1, 20, 5]","[1.9, 3.1, 3.1, 2.5, -0.03, -0.06, -0.08, -0.09]",7,993.6057976168345,989.4523180262905,997.7592772073784,954.1306987646038,926.8689836837053,981.3924138455023
"[100, 1, 20, 5]","[1.9, 3.1, 3.1, 2.5, -0.03, -0.06, -0.08, -0.09]",8,993.6269006893509,989.4710084178981,997.7827929608037,954.1306987646038,926.8689836837053,981.3924138455023
"[100, 1, 20, 5]","[1.9, 3.1, 3.1, 2.5, -0.03, -0.06, -0.08, -0.09]",9,991.6193923759729,987.4491002637712,995.7896844881745,954.1306987646038,926.8689836837053,981.3924138455023
"[100, 1, 20, 5]","[1.9, 3.1, 3.1, 2.5, -0.03, -0.06, -0.08, -0.09]",10,991.3302801888624,987.140986494117,995.5195738836078,954.1306987646038,926.8689836837053,981.3924138455023
"[100, 1, 20, 5]","[1.9, 3.1, 3.1, 2.5, -0.03, -0.06, -0.03, -0.09]",0,1289.0339841853286,1280.7484782782335,1297.3194900924236,940.8846072595607,914.0347158244545,967.7344986946669
"[100, 1, 20, 5]","[1.9, 3.1, 3.1, 2.5, -0.03, -0.06, -0.03, -0.09]",1,1032.8741481329803,1029.2191755271738,1036.5291207387868,940.8846072595607,914.0347158244545,967.7344986946669
"[100, 1, 20, 5]","[1.9, 3.1, 3.1, 2.5, -0.03, -0.06, -0.03, -0.09]",2,991.591385544138,987.8108854477705,995.3718856405055,940.8846072595607,914.0347158244545,967.7344986946669
"[100, 1, 20, 5]","[1.9, 3.1, 3.1, 2.5, -0.03, -0.06, -0.03, -0.09]",3,979.4988653217333,975.609562692596,983.3881679508706,940.8846072595607,914.0347158244545,967.7344986946669
"[100, 1, 20, 5]","[1.9, 3.1, 3.1, 2.5, -0.03, -0.06, -0.03, -0.09]",4,975.4109053399267,971.532713780658,979.2890968991953,940.8846072595607,914.0347158244545,967.7344986946669
"[100, 1, 20, 5]","[1.9, 3.1, 3.1, 2.5, -0.03, -0.06, -0.03, -0.09]",5,973.8890487193602,970.0394661376881,977.7386313010322,940.8846072595607,914.0347158244545,967.7344986946669
"[100, 1, 20, 5]","[1.9, 3.1, 3.1, 2.5, -0.03, -0.06, -0.03, -0.09]",6,971.0906323588192,967.1964533775202,974.9848113401182,940.8846072595607,914.0347158244545,967.7344986946669
"[100, 1, 20, 5]","[1.9, 3.1, 3.1, 2.5, -0.03, -0.06, -0.03, -0.09]",7,968.91430338537,964.9897110858237,972.8388956849162,940.8846072595607,914.0347158244545,967.7344986946669
"[100, 1, 20, 5]","[1.9, 3.1, 3.1, 2.5, -0.03, -0.06, -0.03, -0.09]",8,968.3078971620835,964.3707277457212,972.2450665784457,940.8846072595607,914.0347158244545,967.7344986946669
"[100, 1, 20, 5]","[1.9, 3.1, 3.1, 2.5, -0.03, -0.06, -0.03, -0.09]",9,968.2819759582281,964.3419977240659,972.2219541923904,940.8846072595607,914.0347158244545,967.7344986946669
"[100, 1, 20, 5]","[1.9, 3.1, 3.1, 2.5, -0.03, -0.06, -0.03, -0.09]",10,967.8664562985632,963.9260475299486,971.8068650671778,940.8846072595607,914.0347158244545,967.7344986946669
"[100, 1, 20, 5]","[1.9, 3.1, 3.1, 2.5, 0.0, 0.0, 0.0, 0.0]",0,1287.53996669949,1279.2470394852664,1295.8328939137134,925.1552698790683,898.8162856413824,951.4942541167543
"[100, 1, 20, 5]","[1.9, 3.1, 3.1, 2.5, 0.0, 0.0, 0.0, 0.0]",1,1019.4277996732451,1015.7147000641048,1023.1408992823854,925.1552698790683,898.8162856413824,951.4942541167543
"[100, 1, 20, 5]","[1.9, 3.1, 3.1, 2.5, 0.0, 0.0, 0.0, 0.0]",2,982.0900215619556,978.291398118436,985.8886450054753,925.1552698790683,898.8162856413824,951.4942541167543
"[100, 1, 20, 5]","[1.9, 3.1, 3.1, 2.5, 0.0, 0.0, 0.0, 0.0]",3,971.4336925664833,967.5117166668215,975.3556684661451,925.1552698790683,898.8162856413824,951.4942541167543
"[100, 1, 20, 5]","[1.9, 3.1, 3.1, 2.5, 0.0, 0.0, 0.0, 0.0]",4,964.8781130672511,960.9124933756092,968.843732758893,925.1552698790683,898.8162856413824,951.4942541167543
"[100, 1, 20, 5]","[1.9, 3.1, 3.1, 2.5, 0.0, 0.0, 0.0, 0.0]",5,963.0700039847572,959.1171448722571,967.0228630972574,925.1552698790683,898.8162856413824,951.4942541167543
"[100, 1, 20, 5]","[1.9, 3.1, 3.1, 2.5, 0.0, 0.0, 0.0, 0.0]",6,962.7585177487533,958.8073179814753,966.7097175160313,925.1552698790683,898.8162856413824,951.4942541167543
"[100, 1, 20, 5]","[1.9, 3.1, 3.1, 2.5, 0.0, 0.0, 0.0, 0.0]",7,961.7878964073248,957.814108520026,965.7616842946235,925.1552698790683,898.8162856413824,951.4942541167543
"[100, 1, 20, 5]","[1.9, 3.1, 3.1, 2.5, 0.0, 0.0, 0.0, 0.0]",8,960.0159926998335,956.0604890520176,963.9714963476495,925.1552698790683,898.8162856413824,951.4942541167543
"[100, 1, 20, 5]","[1.9, 3.1, 3.1, 2.5, 0.0, 0.0, 0.0, 0.0]",9,959.6825405993676,955.7182321679168,963.6468490308184,925.1552698790683,898.8162856413824,951.4942541167543
"[100, 1, 20, 5]","[1.9, 3.1, 3.1, 2.5, 0.0, 0.0, 0.0, 0.0]",10,959.005646788743,955.0322006876739,962.979092889812,925.1552698790683,898.8162856413824,951.4942541167543
"[100, 1, 20, 5]","[1.6, 2.6, 2.8, 1.6, 0.0, 0.0, 0.0, 0.0]",0,1289.0223666298584,1280.736985528708,1297.307747731009,935.6332973706417,908.9491645628755,962.3174301784079
"[100, 1, 20, 5]","[1.6, 2.6, 2.8, 1.6, 0.0, 0.0, 0.0, 0.0]",1,1035.6145975772974,1031.9278285074358,1039.301366647159,935.6332973706417,908.9491645628755,962.3174301784079
"[100, 1, 20, 5]","[1.6, 2.6, 2.8, 1.6, 0.0, 0.0, 0.0, 0.0]",2,991.3052365906287,987.5301306571013,995.0803425241562,935.6332973706417,908.9491645628755,962.3174301784079
"[100, 1, 20, 5]","[1.6, 2.6, 2.8, 1.6, 0.0, 0.0, 0.0, 0.0]",3,981.9884956666488,978.1141791299598,985.8628122033377,935.6332973706417,908.9491645628755,962.3174301784079
"[100, 1, 20, 5]","[1.6, 2.6, 2.8, 1.6, 0.0, 0.0, 0.0, 0.0]",4,978.766167159595,974.8420259795611,982.690308339629,935.6332973706417,908.9491645628755,962.3174301784079
"[100, 1, 20, 5]","[1.6, 2.6, 2.8, 1.6, 0.0, 0.0, 0.0, 0.0]",5,973.3800045018385,969.4535298621954,977.3064791414815,935.6332973706417,908.9491645628755,962.3174301784079
"[100, 1, 20, 5]","[1.6, 2.6, 2.8, 1.6, 0.0, 0.0, 0.0, 0.0]",6,971.3157575957616,967.4407577820733,975.1907574094499,935.6332973706417,908.9491645628755,962.3174301784079
"[100, 1, 20, 5]","[1.6, 2.6, 2.8, 1.6, 0.0, 0.0, 0.0, 0.0]",7,970.5806232390393,966.6966065780858,974.4646398999927,935.6332973706417,908.9491645628755,962.3174301784079
"[100, 1, 20, 5]","[1.6, 2.6, 2.8, 1.6, 0.0, 0.0, 0.0, 0.0]",8,970.5806232390393,966.6966065780858,974.4646398999927,935.6332973706417,908.9491645628755,962.3174301784079
"[100, 1, 20, 5]","[1.6, 2.6, 2.8, 1.6, 0.0, 0.0, 0.0, 0.0]",9,969.933687027134,966.0508167615882,973.8165572926799,935.6332973706417,908.9491645628755,962.3174301784079
"[100, 1, 20, 5]","[1.6, 2.6, 2.8, 1.6, 0.0, 0.0, 0.0, 0.0]",10,969.483731490045,965.6130720776247,973.3543909024653,935.6332973706417,908.9491645628755,962.3174301784079
"[100, 1, 20, 20]","[1.9, 3.1, 3.1, 2.5, -0.1, -0.2, -0.3, -0.4]",0,1564.4666877484667,1554.4541466247913,1574.4792288721421,1306.600540670257,1268.8489447199822,1344.3521366205318
"[100, 1, 20, 20]","[1.9, 3.1, 3.1, 2.5, -0.1, -0.2, -0.3, -0.4]",1,1420.109776351587,1413.2449403610394,1426.9746123421346,1306.600540670257,1268.8489447199822,1344.3521366205318
"[100, 1, 20, 20]","[1.9, 3.1, 3.1, 2.5, -0.1, -0.2, -0.3, -0.4]",2,1391.7712947918944,1384.7752763597189,1398.76731322407,1306.600540670257,1268.8489447199822,1344.3521366205318
"[100, 1, 20, 20]","[1.9, 3.1, 3.1, 2.5, -0.1, -0.2, -0.3, -0.4]",3,1386.506507460726,1379.420540006619,1393.592474914833,1306.600540670257,1268.8489447199822,1344.3521366205318
"[100, 1, 20, 20]","[1.9, 3.1, 3.1, 2.5, -0.1, -0.2, -0.3, -0.4]",4,1380.731340851787,1373.5656353326187,1387.8970463709554,1306.600540670257,1268.8489447199822,1344.3521366205318
"[100, 1, 20, 20]","[1.9, 3.1, 3.1, 2.5, -0.1, -0.2, -0.3, -0.4]",5,1381.3446857177848,1374.1058993829984,1388.5834720525713,1306.600540670257,1268.8489447199822,1344.3521366205318
"[100, 1, 20, 20]","[1.9, 3.1, 3.1, 2.5, -0.1, -0.2, -0.3, -0.4]",6,1381.0391756412516,1373.77365402824,1388.3046972542634,1306.600540670257,1268.8489447199822,1344.3521366205318
"[100, 1, 20, 20]","[1.9, 3.1, 3.1, 2.5, -0.1, -0.2, -0.3, -0.4]",7,1381.5676293920685,1374.2874436132968,1388.8478151708402,1306.600540670257,1268.8489447199822,1344.3521366205318
"[100, 1, 20, 20]","[1.9, 3.1, 3.1, 2.5, -0.1, -0.2, -0.3, -0.4]",8,1381.6174413360418,1374.3170959460817,1388.9177867260019,1306.600540670257,1268.8489447199822,1344.3521366205318
"[100, 1, 20, 20]","[1.9, 3.1, 3.1, 2.5, -0.1, -0.2, -0.3, -0.4]",9,1381.3857024794104,1374.1111217321866,1388.6602832266342,1306.600540670257,1268.8489447199822,1344.3521366205318
"[100, 1, 20, 20]","[1.9, 3.1, 3.1, 2.5, -0.1, -0.2, -0.3, -0.4]",10,1381.4915340857367,1374.235217281263,1388.7478508902104,1306.600540670257,1268.8489447199822,1344.3521366205318
"[100, 1, 20, 20]","[1.9, 3.1, 3.1, 2.5, -0.05, -0.1, -0.15, -0.2]",0,1344.9522667168562,1336.715767728193,1353.1887657055195,1131.1938863057276,1098.5285016233943,1163.8592709880609
"[100, 1, 20, 20]","[1.9, 3.1, 3.1, 2.5, -0.05, -0.1, -0.15, -0.2]",1,1223.554838000875,1217.4688014407782,1229.6408745609717,1131.1938863057276,1098.5285016233943,1163.8592709880609
"[100, 1, 20, 20]","[1.9, 3.1, 3.1, 2.5, -0.05, -0.1, -0.15, -0.2]",2,1209.0847152995889,1202.646334477839,1215.5230961213388,1131.1938863057276,1098.5285016233943,1163.8592709880609
"[100, 1, 20, 20]","[1.9, 3.1, 3.1, 2.5, -0.05, -0.1, -0.15, -0.2]",3,1218.895286578439,1212.1879778878065,1225.6025952690716,1131.1938863057276,1098.5285016233943,1163.8592709880609
"[100, 1, 20, 20]","[1.9, 3.1, 3.1, 2.5, -0.05, -0.1, -0.15, -0.2]",4,1212.567444437922,1205.9746457860624,1219.1602430897815,1131.1938863057276,1098.5285016233943,1163.8592709880609
"[100, 1, 20, 20]","[1.9, 3.1, 3.1, 2.5, -0.05, -0.1, -0.15, -0.2]",5,1213.6557391394435,1206.9985605456466,1220.3129177332405,1131.1938863057276,1098.5285016233943,1163.8592709880609
"[100, 1, 20, 20]","[1.9, 3.1, 3.1, 2.5, -0.05, -0.1, -0.15, -0.2]",6,1215.346784898851,1208.6630940470266,1222.0304757506754,1131.1938863057276,1098.5285016233943,1163.8592709880609
"[100, 1, 20, 20]","[1.9, 3.1, 3.1, 2.5, -0.05, -0.1, -0.15, -0.2]",7,1214.7443756870773,1208.0555643272187,1221.433187046936,1131.1938863057276,1098.5285016233943,1163.8592709880609
"[100, 1, 20, 20]","[1.9, 3.1, 3.1, 2.5, -0.05, -0.1, -0.15, -0.2]",8,1214.6505793846547,1207.9555734355156,1221.345585333794,1131.1938863057276,1098.5285016233943,1163.8592709880609
"[100, 1, 20, 20]","[1.9, 3.1, 3.1, 2.5, -0.05, -0.1, -0.15, -0.2]",9,1214.1459451329708,1207.4526873635336,1220.839202902408,1131.1938863057276,1098.5285016233943,1163.8592709880609
"[100, 1, 20, 20]","[1.9, 3.1, 3.1, 2.5, -0.05, -0.1, -0.15, -0.2]",10,1214.2759414319926,1207.5633029668145,1220.9885798971707,1131.1938863057276,1098.5285016233943,1163.8592709880609
"[100, 1, 20, 20]","[1.9, 3.1, 3.1, 2.5, -0.03, -0.06, -0.08, -0.09]",0,1303.424455380288,1295.198450780928,1311.650459979648,1035.8967217445058,1006.0470089236107,1065.746434565401
"[100, 1, 20, 20]","[1.9, 3.1, 3.1, 2.5, -0.03, -0.06, -0.08, -0.09]",1,1131.4609309083116,1126.1794300360264,1136.742431780597,1035.8967217445058,1006.0470089236107,1065.746434565401
"[100, 1, 20, 20]","[1.9, 3.1, 3.1, 2.5, -0.03, -0.06, -0.08, -0.09]",2,1105.2883335503095,1099.6959654162229,1110.8807016843962,1035.8967217445058,1006.0470089236107,1065.746434565401
"[100, 1, 20, 20]","[1.9, 3.1, 3.1, 2.5, -0.03, -0.06, -0.08, -0.09]",3,1098.7631050372781,1093.1676902581216,1104.3585198164346,1035.8967217445058,1006.0470089236107,1065.746434565401
"[100, 1, 20, 20]","[1.9, 3.1, 3.1, 2.5, -0.03, -0.06, -0.08, -0.09]",4,1090.1019505968675,1084.4520726449707,1095.7518285487643,1035.8967217445058,1006.0470089236107,1065.746434565401
"[100, 1, 20, 20]","[1.9, 3.1, 3.1, 2.5, -0.03, -0.06, -0.08, -0.09]",5,1083.6359647174315,1078.0752069934183,1089.1967224414448,1035.8967217445058,1006.0470089236107,1065.746434565401
"[100, 1, 20, 20]","[1.9, 3.1, 3.1, 2.5, -0.03, -0.06, -0.08, -0.09]",6,1083.4157902129518,1077.822962103527,1089.0086183223766,1035.8967217445058,1006.0470089236107,1065.746434565401
"[100, 1, 20, 20]","[1.9, 3.1, 3.1, 2.5, -0.03, -0.06, -0.08, -0.09]",7,1081.7912552155706,1076.2209939195336,1087.3615165116075,1035.8967217445058,1006.0470089236107,1065.746434565401
"[100, 1, 20, 20]","[1.9, 3.1, 3.1, 2.5, -0.03, -0.06, -0.08, -0.09]",8,1082.2262404035484,1076.6678402002703,1087.7846406068265,1035.8967217445058,1006.0470089236107,1065.746434565401
"[100, 1, 20, 20]","[1.9, 3.1, 3.1, 2.5, -0.03, -0.06, -0.08, -0.09]",9,1079.3993895667534,1073.7871798952276,1085.0115992382791,1035.8967217445058,1006.0470089236107,1065.746434565401
"[100, 1, 20, 20]","[1.9, 3.1, 3.1, 2.5, -0.03, -0.06, -0.08, -0.09]",10,1079.0082322651804,1073.418527705386,1084.5979368249748,1035.8967217445058,1006.0470089236107,1065.746434565401
"[100, 1, 20, 20]","[1.9, 3.1, 3.1, 2.5, -0.03, -0.06, -0.03, -0.09]",0,1298.6364726082315,1290.3790160627832,1306.89392915368,1019.7392299967729,990.3132237672602,1049.1652362262857
"[100, 1, 20, 20]","[1.9, 3.1, 3.1, 2.5, -0.03, -0.06, -0.03, -0.09]",1,1116.7140640619293,1111.7221470504842,1121.7059810733745,1019.7392299967729,990.3132237672602,1049.1652362262857
"[100, 1, 20, 20]","[1.9, 3.1, 3.1, 2.5, -0.03, -0.06, -0.03, -0.09]",2,1080.6252327423797,1075.475606594044,1085.7748588907154,1019.7392299967729,990.3132237672602,1049.1652362262857
"[100, 1, 20, 20]","[1.9, 3.1, 3.1, 2.5, -0.03, -0.06, -0.03, -0.09]",3,1070.9559162857342,1065.6617827319844,1076.250049839484,1019.7392299967729,990.3132237672602,1049.1652362262857
"[100, 1, 20, 20]","[1.9, 3.1, 3.1, 2.5, -0.03, -0.06, -0.03, -0.09]",4,1073.084749337966,1067.878041146759,1078.2914575291732,1019.7392299967729,990.3132237672602,1049.1652362262857
"[100, 1, 20, 20]","[1.9, 3.1, 3.1, 2.5, -0.03, -0.06, -0.03, -0.09]",5,1070.3616159357994,1065.1589321154545,1075.5642997561442,1019.7392299967729,990.3132237672602,1049.1652362262857
"[100, 1, 20, 20]","[1.9, 3.1, 3.1, 2.5, -0.03, -0.06, -0.03, -0.09]",6,1063.9231498936228,1058.647903707123,1069.1983960801226,1019.7392299967729,990.3132237672602,1049.1652362262857
"[100, 1, 20, 20]","[1.9, 3.1, 3.1, 2.5, -0.03, -0.06, -0.03, -0.09]",7,1062.7518350804148,1057.4984081253126,1068.005262035517,1019.7392299967729,990.3132237672602,1049.1652362262857
"[100, 1, 20, 20]","[1.9, 3.1, 3.1, 2.5, -0.03, -0.06, -0.03, -0.09]",8,1059.7323869612733,1054.6139955151496,1064.850778407397,1019.7392299967729,990.3132237672602,1049.1652362262857
"[100, 1, 20, 20]","[1.9, 3.1, 3.1, 2.5, -0.03, -0.06, -0.03, -0.09]",9,1060.8354365077482,1055.7474164254813,1065.9234565900151,1019.7392299967729,990.3132237672602,1049.1652362262857
"[100, 1, 20, 20]","[1.9, 3.1, 3.1, 2.5, -0.03, -0.06, -0.03, -0.09]",10,1060.0982501749768,1054.9998093182778,1065.1966910316758,1019.7392299967729,990.3132237672602,1049.1652362262857
"[100, 1, 20, 20]","[1.9, 3.1, 3.1, 2.5, 0.0, 0.0, 0.0, 0.0]",0,1294.5514935268197,1286.279446032965,1302.8235410206744,987.138238786879,958.7503271343618,1015.5261504393962
"[100, 1, 20, 20]","[1.9, 3.1, 3.1, 2.5, 0.0, 0.0, 0.0, 0.0]",1,1084.1287703464598,1079.273951924915,1088.9835887680044,987.138238786879,958.7503271343618,1015.5261504393962
"[100, 1, 20, 20]","[1.9, 3.1, 3.1, 2.5, 0.0, 0.0, 0.0, 0.0]",2,1050.2048327084653,1044.9794433140687,1055.430222102862,987.138238786879,958.7503271343618,1015.5261504393962
"[100, 1, 20, 20]","[1.9, 3.1, 3.1, 2.5, 0.0, 0.0, 0.0, 0.0]",3,1039.537128111009,1034.3013594360625,1044.7728967859555,987.138238786879,958.7503271343618,1015.5261504393962
"[100, 1, 20, 20]","[1.9, 3.1, 3.1, 2.5, 0.0, 0.0, 0.0, 0.0]",4,1036.2473580251933,1031.0225775936497,1041.472138456737,987.138238786879,958.7503271343618,1015.5261504393962
"[100, 1, 20, 20]","[1.9, 3.1, 3.1, 2.5, 0.0, 0.0, 0.0, 0.0]",5,1031.667540713529,1026.6083776662933,1036.7267037607646,987.138238786879,958.7503271343618,1015.5261504393962
"[100, 1, 20, 20]","[1.9, 3.1, 3.1, 2.5, 0.0, 0.0, 0.0, 0.0]",6,1034.247745059134,1029.0715245778824,1039.4239655403858,987.138238786879,958.7503271343618,1015.5261504393962
"[100, 1, 20, 20]","[1.9, 3.1, 3.1, 2.5, 0.0, 0.0, 0.0, 0.0]",7,1031.9231394116923,1026.7427544842303,1037.1035243391543,987.138238786879,958.7503271343618,1015.5261504393962
"[100, 1, 20, 20]","[1.9, 3.1, 3.1, 2.5, 0.0, 0.0, 0.0, 0.0]",8,1025.8496243503919,1020.7929536258624,1030.9062950749214,987.138238786879,958.7503271343618,1015.5261504393962
"[100, 1, 20, 20]","[1.9, 3.1, 3.1, 2.5, 0.0, 0.0, 0.0, 0.0]",9,1023.8055374323513,1018.6924922824396,1028.918582582263,987.138238786879,958.7503271343618,1015.5261504393962
"[100, 1, 20, 20]","[1.9, 3.1, 3.1, 2.5, 0.0, 0.0, 0.0, 0.0]",10,1026.7335052847463,1021.4865941900458,1031.980416379447,987.138238786879,958.7503271343618,1015.5261504393962
"[100, 1, 20, 20]","[1.6, 2.6, 2.8, 1.6, 0.0, 0.0, 0.0, 0.0]",0,1298.3624602093619,1290.0985801554525,1306.6263402632712,1009.0756025733449,979.9821059831053,1038.1690991635844
"[100, 1, 20, 20]","[1.6, 2.6, 2.8, 1.6, 0.0, 0.0, 0.0, 0.0]",1,1107.5699245411306,1102.564846038593,1112.5750030436682,1009.0756025733449,979.9821059831053,1038.1690991635844
"[100, 1, 20, 20]","[1.6, 2.6, 2.8, 1.6, 0.0, 0.0, 0.0, 0.0]",2,1079.3591529530845,1074.045449207008,1084.672856699161,1009.0756025733449,979.9821059831053,1038.1690991635844
"[100, 1, 20, 20]","[1.6, 2.6, 2.8, 1.6, 0.0, 0.0, 0.0, 0.0]",3,1068.7230881210962,1063.4149387879113,1074.0312374542812,1009.0756025733449,979.9821059831053,1038.1690991635844
"[100, 1, 20, 20]","[1.6, 2.6, 2.8, 1.6, 0.0, 0.0, 0.0, 0.0]",4,1064.2011371930216,1058.9700042087284,1069.4322701773149,1009.0756025733449,979.9821059831053,1038.1690991635844
"[100, 1, 20, 20]","[1.6, 2.6, 2.8, 1.6, 0.0, 0.0, 0.0, 0.0]",5,1062.4382262020918,1057.0208431062965,1067.855609297887,1009.0756025733449,979.9821059831053,1038.1690991635844
"[100, 1, 20, 20]","[1.6, 2.6, 2.8, 1.6, 0.0, 0.0, 0.0, 0.0]",6,1057.5330198954493,1052.1320824189602,1062.9339573719385,1009.0756025733449,979.9821059831053,1038.1690991635844
"[100, 1, 20, 20]","[1.6, 2.6, 2.8, 1.6, 0.0, 0.0, 0.0, 0.0]",7,1050.7403586215014,1045.5596390395283,1055.9210782034745,1009.0756025733449,979.9821059831053,1038.1690991635844
"[100, 1, 20, 20]","[1.6, 2.6, 2.8, 1.6, 0.0, 0.0, 0.0, 0.0]",8,1051.223327141491,1046.038036830994,1056.4086174519878,1009.0756025733449,979.9821059831053,1038.1690991635844
"[100, 1, 20, 20]","[1.6, 2.6, 2.8, 1.6, 0.0, 0.0, 0.0, 0.0]",9,1050.6773615766526,1045.475391205153,1055.8793319481522,1009.0756025733449,979.9821059831053,1038.1690991635844
"[100, 1, 20, 20]","[1.6, 2.6, 2.8, 1.6, 0.0, 0.0, 0.0, 0.0]",10,1047.7496103544368,1042.5720524754256,1052.927168233448,1009.0756025733449,979.9821059831053,1038.1690991635844
"[100, 1, 20, 80]","[1.9, 3.1, 3.1, 2.5, -0.1, -0.2, -0.3, -0.4]",0,1686.9974335848078,1675.7225240473308,1698.2723431222848,1495.760153417328,1452.3326425470013,1539.1876642876546
"[100, 1, 20, 80]","[1.9, 3.1, 3.1, 2.5, -0.1, -0.2, -0.3, -0.4]",1,1639.8941303110314,1628.31285547059,1651.4754051514728,1495.760153417328,1452.3326425470013,1539.1876642876546
"[100, 1, 20, 80]","[1.9, 3.1, 3.1, 2.5, -0.1, -0.2, -0.3, -0.4]",2,1628.1776042267425,1616.7209910839758,1639.634217369509,1495.760153417328,1452.3326425470013,1539.1876642876546
"[100, 1, 20, 80]","[1.9, 3.1, 3.1, 2.5, -0.1, -0.2, -0.3, -0.4]",3,1626.3903664322659,1614.9385000823231,1637.8422327822086,1495.760153417328,1452.3326425470013,1539.1876642876546
"[100, 1, 20, 80]","[1.9, 3.1, 3.1, 2.5, -0.1, -0.2, -0.3, -0.4]",4,1622.188565540669,1610.7911295495426,1633.5860015317955,1495.760153417328,1452.3326425470013,1539.1876642876546
"[100, 1, 20, 80]","[1.9, 3.1, 3.1, 2.5, -0.1, -0.2, -0.3, -0.4]",5,1621.1037750316248,1609.7145455096372,1632.4930045536123,1495.760153417328,1452.3326425470013,1539.1876642876546
"[100, 1, 20, 80]","[1.9, 3.1, 3.1, 2.5, -0.1, -0.2, -0.3, -0.4]",6,1621.0401278881625,1609.6470382103162,1632.4332175660088,1495.760153417328,1452.3326425470013,1539.1876642876546
"[100, 1, 20, 80]","[1.9, 3.1, 3.1, 2.5, -0.1, -0.2, -0.3, -0.4]",7,1619.9928724242407,1608.5761211027755,1631.4096237457059,1495.760153417328,1452.3326425470013,1539.1876642876546
"[100, 1, 20, 80]","[1.9, 3.1, 3.1, 2.5, -0.1, -0.2, -0.3, -0.4]",8,1620.4227522929014,1609.0223162185184,1631.8231883672843,1495.760153417328,1452.3326425470013,1539.1876642876546
"[100, 1, 20, 80]","[1.9, 3.1, 3.1, 2.5, -0.1, -0.2, -0.3, -0.4]",9,1613.8733348805467,1602.438114236692,1625.3085555244015,1495.760153417328,1452.3326425470013,1539.1876642876546
"[100, 1, 20, 80]","[1.9, 3.1, 3.1, 2.5, -0.1, -0.2, -0.3, -0.4]",10,1619.7303973353853,1608.3676613787943,1631.0931332919763,1495.760153417328,1452.3326425470013,1539.1876642876546
"[100, 1, 20, 80]","[1.9, 3.1, 3.1, 2.5, -0.05, -0.1, -0.15, -0.2]",0,1562.6110540117356,1551.8399401210581,1573.3821679024131,1303.5397539571286,1265.6221746504134,1341.4573332638438
"[100, 1, 20, 80]","[1.9, 3.1, 3.1, 2.5, -0.05, -0.1, -0.15, -0.2]",1,1430.3205048412708,1417.7267934923166,1442.914216190225,1303.5397539571286,1265.6221746504134,1341.4573332638438
"[100, 1, 20, 80]","[1.9, 3.1, 3.1, 2.5, -0.05, -0.1, -0.15, -0.2]",2,1469.4830282062273,1456.1222561700038,1482.843800242451,1303.5397539571286,1265.6221746504134,1341.4573332638438
"[100, 1, 20, 80]","[1.9, 3.1, 3.1, 2.5, -0.05, -0.1, -0.15, -0.2]",3,1478.7103839623817,1465.1001165381113,1492.3206513866521,1303.5397539571286,1265.6221746504134,1341.4573332638438
"[100, 1, 20, 80]","[1.9, 3.1, 3.1, 2.5, -0.05, -0.1, -0.15, -0.2]",4,1490.4561009754575,1477.087502435389,1503.824699515526,1303.5397539571286,1265.6221746504134,1341.4573332638438
"[100, 1, 20, 80]","[1.9, 3.1, 3.1, 2.5, -0.05, -0.1, -0.15, -0.2]",5,1450.4762311260502,1438.5059320801374,1462.4465301719629,1303.5397539571286,1265.6221746504134,1341.4573332638438
"[100, 1, 20, 80]","[1.9, 3.1, 3.1, 2.5, -0.05, -0.1, -0.15, -0.2]",6,1451.1514102364752,1439.1783547276818,1463.1244657452685,1303.5397539571286,1265.6221746504134,1341.4573332638438
"[100, 1, 20, 80]","[1.9, 3.1, 3.1, 2.5, -0.05, -0.1, -0.15, -0.2]",7,1448.9917786937858,1437.0896318890962,1460.8939254984755,1303.5397539571286,1265.6221746504134,1341.4573332638438
"[100, 1, 20, 80]","[1.9, 3.1, 3.1, 2.5, -0.05, -0.1, -0.15, -0.2]",8,1451.3875894680086,1439.4775254953881,1463.2976534406291,1303.5397539571286,1265.6221746504134,1341.4573332638438
"[100, 1, 20, 80]","[1.9, 3.1, 3.1, 2.5, -0.05, -0.1, -0.15, -0.2]",9,1452.8981947057089,1440.9531515068923,1464.8432379045255,1303.5397539571286,1265.6221746504134,1341.4573332638438
"[100, 1, 20, 80]","[1.9, 3.1, 3.1, 2.5, -0.05, -0.1, -0.15, -0.2]",10,1452.9929213774553,1441.0384235826934,1464.9474191722172,1303.5397539571286,1265.6221746504134,1341.4573332638438
"[100, 1, 20, 80]","[1.9, 3.1, 3.1, 2.5, -0.03, -0.06, -0.08, -0.09]",0,1368.9027506515943,1359.6795652175663,1378.1259360856222,1187.9190824678108,1153.3294894820863,1222.5086754535353
"[100, 1, 20, 80]","[1.9, 3.1, 3.1, 2.5, -0.03, -0.06, -0.08, -0.09]",1,1363.655299422811,1351.4350148745746,1375.8755839710473,1187.9190824678108,1153.3294894820863,1222.5086754535353
"[100, 1, 20, 80]","[1.9, 3.1, 3.1, 2.5, -0.03, -0.06, -0.08, -0.09]",2,1308.9480558689238,1297.9627971224156,1319.933314615432,1187.9190824678108,1153.3294894820863,1222.5086754535353
"[100, 1, 20, 80]","[1.9, 3.1, 3.1, 2.5, -0.03, -0.06, -0.08, -0.09]",3,1299.4375203273855,1288.3188722741909,1310.5561683805802,1187.9190824678108,1153.3294894820863,1222.5086754535353
"[100, 1, 20, 80]","[1.9, 3.1, 3.1, 2.5, -0.03, -0.06, -0.08, -0.09]",4,1296.932867249007,1285.793947643239,1308.0717868547747,1187.9190824678108,1153.3294894820863,1222.5086754535353
"[100, 1, 20, 80]","[1.9, 3.1, 3.1, 2.5, -0.03, -0.06, -0.08, -0.09]",5,1297.0740970525471,1285.9171878785137,1308.2310062265806,1187.9190824678108,1153.3294894820863,1222.5086754535353
"[100, 1, 20, 80]","[1.9, 3.1, 3.1, 2.5, -0.03, -0.06, -0.08, -0.09]",6,1296.1773233539084,1284.9531744074286,1307.4014723003881,1187.9190824678108,1153.3294894820863,1222.5086754535353
"[100, 1, 20, 80]","[1.9, 3.1, 3.1, 2.5, -0.03, -0.06, -0.08, -0.09]",7,1295.0700844420385,1283.8480949136022,1306.2920739704748,1187.9190824678108,1153.3294894820863,1222.5086754535353
"[100, 1, 20, 80]","[1.9, 3.1, 3.1, 2.5, -0.03, -0.06, -0.08, -0.09]",8,1294.776058784928,1283.5392294197952,1306.0128881500607,1187.9190824678108,1153.3294894820863,1222.5086754535353
"[100, 1, 20, 80]","[1.9, 3.1, 3.1, 2.5, -0.03, -0.06, -0.08, -0.09]",9,1293.4865250343266,1282.2678892487531,1304.7051608199001,1187.9190824678108,1153.3294894820863,1222.5086754535353
"[100, 1, 20, 80]","[1.9, 3.1, 3.1, 2.5, -0.03, -0.06, -0.08, -0.09]",10,1293.641261708388,1282.4071890724142,1304.8753343443616,1187.9190824678108,1153.3294894820863,1222.5086754535353
"[100, 1, 20, 80]","[1.9, 3.1, 3.1, 2.5, -0.03, -0.06, -0.03, -0.09]",0,1337.046426299843,1328.0382930203177,1346.0545595793683,1166.306849695393,1132.1960247885343,1200.417674602252
"[100, 1, 20, 80]","[1.9, 3.1, 3.1, 2.5, -0.03, -0.06, -0.03, -0.09]",1,1368.9251386592512,1356.4998756349635,1381.3504016835388,1166.306849695393,1132.1960247885343,1200.417674602252
"[100, 1, 20, 80]","[1.9, 3.1, 3.1, 2.5, -0.03, -0.06, -0.03, -0.09]",2,1311.9463328507973,1301.2070809529787,1322.6855847486158,1166.306849695393,1132.1960247885343,1200.417674602252
"[100, 1, 20, 80]","[1.9, 3.1, 3.1, 2.5, -0.03, -0.06, -0.03, -0.09]",3,1299.489695730234,1288.999549571916,1309.9798418885518,1166.306849695393,1132.1960247885343,1200.417674602252
"[100, 1, 20, 80]","[1.9, 3.1, 3.1, 2.5, -0.03, -0.06, -0.03, -0.09]",4,1291.878177551318,1281.5541764072952,1302.2021786953408,1166.306849695393,1132.1960247885343,1200.417674602252
"[100, 1, 20, 80]","[1.9, 3.1, 3.1, 2.5, -0.03, -0.06, -0.03, -0.09]",5,1288.782614581669,1278.4213641262884,1299.1438650370494,1166.306849695393,1132.1960247885343,1200.417674602252
"[100, 1, 20, 80]","[1.9, 3.1, 3.1, 2.5, -0.03, -0.06, -0.03, -0.09]",6,1287.479938195601,1277.251741666229,1297.7081347249732,1166.306849695393,1132.1960247885343,1200.417674602252
"[100, 1, 20, 80]","[1.9, 3.1, 3.1, 2.5, -0.03, -0.06, -0.03, -0.09]",7,1283.269885493125,1272.986249261053,1293.553521725197,1166.306849695393,1132.1960247885343,1200.417674602252
"[100, 1, 20, 80]","[1.9, 3.1, 3.1, 2.5, -0.03, -0.06, -0.03, -0.09]",8,1280.7196212167999,1270.447648143099,1290.9915942905006,1166.306849695393,1132.1960247885343,1200.417674602252
"[100, 1, 20, 80]","[1.9, 3.1, 3.1, 2.5, -0.03, -0.06, -0.03, -0.09]",9,1279.4231807202902,1269.1759977047793,1289.6703637358012,1166.306849695393,1132.1960247885343,1200.417674602252
"[100, 1, 20, 80]","[1.9, 3.1, 3.1, 2.5, -0.03, -0.06, -0.03, -0.09]",10,1278.9816229349856,1268.7509614066485,1289.2122844633227,1166.306849695393,1132.1960247885343,1200.417674602252
"[100, 1, 20, 80]","[1.9, 3.1, 3.1, 2.5, 0.0, 0.0, 0.0, 0.0]",0,1322.5976008361397,1313.7978569951754,1331.397344677104,1118.4857568218417,1085.8408641838435,1151.13064945984
"[100, 1, 20, 80]","[1.9, 3.1, 3.1, 2.5, 0.0, 0.0, 0.0, 0.0]",1,1302.720578745011,1291.3225826238468,1314.118574866175,1118.4857568218417,1085.8408641838435,1151.13064945984
"[100, 1, 20, 80]","[1.9, 3.1, 3.1, 2.5, 0.0, 0.0, 0.0, 0.0]",2,1260.0828070294508,1249.8717132216625,1270.293900837239,1118.4857568218417,1085.8408641838435,1151.13064945984
"[100, 1, 20, 80]","[1.9, 3.1, 3.1, 2.5, 0.0, 0.0, 0.0, 0.0]",3,1236.6548794304729,1226.7816502756407,1246.528108585305,1118.4857568218417,1085.8408641838435,1151.13064945984
"[100, 1, 20, 80]","[1.9, 3.1, 3.1, 2.5, 0.0, 0.0, 0.0, 0.0]",4,1216.2415992579088,1206.3556724065431,1226.1275261092744,1118.4857568218417,1085.8408641838435,1151.13064945984
"[100, 1, 20, 80]","[1.9, 3.1, 3.1, 2.5, 0.0, 0.0, 0.0, 0.0]",5,1206.2398412438276,1196.4816490961396,1215.9980333915157,1118.4857568218417,1085.8408641838435,1151.13064945984
"[100, 1, 20, 80]","[1.9, 3.1, 3.1, 2.5, 0.0, 0.0, 0.0, 0.0]",6,1201.0549512257921,1191.7847004643106,1210.3252019872737,1118.4857568218417,1085.8408641838435,1151.13064945984
"[100, 1, 20, 80]","[1.9, 3.1, 3.1, 2.5, 0.0, 0.0, 0.0, 0.0]",7,1204.2953602766956,1194.5035080839739,1214.0872124694174,1118.4857568218417,1085.8408641838435,1151.13064945984
"[100, 1, 20, 80]","[1.9, 3.1, 3.1, 2.5, 0.0, 0.0, 0.0, 0.0]",8,1203.8141984113327,1194.0259370743229,1213.6024597483424,1118.4857568218417,1085.8408641838435,1151.13064945984
"[100, 1, 20, 80]","[1.9, 3.1, 3.1, 2.5, 0.0, 0.0, 0.0, 0.0]",9,1195.242781461357,1185.90800002785,1204.577562894864,1118.4857568218417,1085.8408641838435,1151.13064945984
"[100, 1, 20, 80]","[1.9, 3.1, 3.1, 2.5, 0.0, 0.0, 0.0, 0.0]",10,1195.3361535717431,1186.0847215577398,1204.5875855857464,1118.4857568218417,1085.8408641838435,1151.13064945984
"[100, 1, 20, 80]","[1.6, 2.6, 2.8, 1.6, 0.0, 0.0, 0.0, 0.0]",0,1335.7228345273754,1326.7040559964867,1344.7416130582642,1155.1809908882772,1121.401800663231,1188.9601811133234
"[100, 1, 20, 80]","[1.6, 2.6, 2.8, 1.6, 0.0, 0.0, 0.0, 0.0]",1,1354.017328569462,1341.83822490106,1366.1964322378642,1155.1809908882772,1121.401800663231,1188.9601811133234
"[100, 1, 20, 80]","[1.6, 2.6, 2.8, 1.6, 0.0, 0.0, 0.0, 0.0]",2,1300.2037499972964,1289.2378930404093,1311.1696069541836,1155.1809908882772,1121.401800663231,1188.9601811133234
"[100, 1, 20, 80]","[1.6, 2.6, 2.8, 1.6, 0.0, 0.0, 0.0, 0.0]",3,1280.4066749347749,1270.1825409207277,1290.630808948822,1155.1809908882772,1121.401800663231,1188.9601811133234
"[100, 1, 20, 80]","[1.6, 2.6, 2.8, 1.6, 0.0, 0.0, 0.0, 0.0]",4,1276.8961309676183,1266.6161741652586,1287.176087769978,1155.1809908882772,1121.401800663231,1188.9601811133234
"[100, 1, 20, 80]","[1.6, 2.6, 2.8, 1.6, 0.0, 0.0, 0.0, 0.0]",5,1268.6711313690664,1258.4544754076096,1278.8877873305232,1155.1809908882772,1121.401800663231,1188.9601811133234
"[100, 1, 20, 80]","[1.6, 2.6, 2.8, 1.6, 0.0, 0.0, 0.0, 0.0]",6,1265.9584822803024,1255.7987211885031,1276.1182433721017,1155.1809908882772,1121.401800663231,1188.9601811133234
"[100, 1, 20, 80]","[1.6, 2.6, 2.8, 1.6, 0.0, 0.0, 0.0, 0.0]",7,1264.2170721587456,1254.0276468019633,1274.406497515528,1155.1809908882772,1121.401800663231,1188.9601811133234
"[100, 1, 20, 80]","[1.6, 2.6, 2.8, 1.6, 0.0, 0.0, 0.0, 0.0]",8,1260.2402584063882,1250.0828420065689,1270.3976748062075,1155.1809908882772,1121.401800663231,1188.9601811133234
"[100, 1, 20, 80]","[1.6, 2.6, 2.8, 1.6, 0.0, 0.0, 0.0, 0.0]",9,1257.7258988736448,1247.5146169114532,1267.9371808358364,1155.1809908882772,1121.401800663231,1188.9601811133234
"[100, 1, 20, 80]","[1.6, 2.6, 2.8, 1.6, 0.0, 0.0, 0.0, 0.0]",10,1251.1896441021995,1240.924462307323,1261.454825897076,1155.1809908882772,1121.401800663231,1188.9601811133234
