CS,Endog.,Iteration,Cost,Low,High,EGap,ELow,EHigh
"[10, 1, 20, 5]","[0.8, 1.4, 1.9, 2.3, 1.7, 1.2, 0.8, 0.0, 0.0, 0.0, 0.0, 0.0, 0.0, 0.0]",0,321.2654382703951,308.79565321302397,333.7352233277663,0.0,0.0,0.0
"[10, 1, 20, 5]","[0.8, 1.4, 1.9, 2.3, 1.7, 1.2, 0.8, 0.0, 0.0, 0.0, 0.0, 0.0, 0.0, 0.0]",1,309.4436092503357,298.3528774543648,320.5343410463067,3.0325872804639324,1.2508490404604735,4.814325520467391
"[10, 1, 20, 5]","[0.8, 1.4, 1.9, 2.3, 1.7, 1.2, 0.8, 0.0, 0.0, 0.0, 0.0, 0.0, 0.0, 0.0]",2,312.79049077784236,302.5983290937377,322.98265246194705,1.7234757669076217,-0.16134252505356006,3.6082940588688035
"[10, 1, 20, 5]","[0.8, 1.4, 1.9, 2.3, 1.7, 1.2, 0.8, 0.0, 0.0, 0.0, 0.0, 0.0, 0.0, 0.0]",3,311.45895891418405,301.79302044765495,321.12489738071315,1.8384260618211676,-0.3365054167288337,4.013357540371169
"[10, 1, 20, 5]","[0.8, 1.4, 1.9, 2.3, 1.7, 1.2, 0.8, 0.0, 0.0, 0.0, 0.0, 0.0, 0.0, 0.0]",4,310.88811044705915,301.5072789199163,320.268941974202,1.9299806496673415,-0.27344858348008416,4.133409882814767
"[10, 1, 20, 5]","[0.8, 1.4, 1.9, 2.3, 1.7, 1.2, 0.8, 0.0, 0.0, 0.0, 0.0, 0.0, 0.0, 0.0]",5,312.2286009119155,302.84107844231903,321.616123381512,1.5782001862349233,-0.5248983506464207,3.6812987231162673
"[10, 1, 20, 5]","[0.8, 1.4, 1.9, 2.3, 1.7, 1.2, 0.8, -0.03, -0.04, -0.05, -0.06, -0.07, -0.08, -0.09]",0,327.69341261482396,315.18166686492106,340.20515836472686,0.0,0.0,0.0
"[10, 1, 20, 5]","[0.8, 1.4, 1.9, 2.3, 1.7, 1.2, 0.8, -0.03, -0.04, -0.05, -0.06, -0.07, -0.08, -0.09]",1,312.0136292901592,301.1394772759784,322.88778130434,3.8152993386692127,1.6325272611503312,5.998071416188094
"[10, 1, 20, 5]","[0.8, 1.4, 1.9, 2.3, 1.7, 1.2, 0.8, -0.03, -0.04, -0.05, -0.06, -0.07, -0.08, -0.09]",2,312.356834483561,301.958949294735,322.75471967238695,3.650894460663019,1.6356277231034975,5.66616119822254
"[10, 1, 20, 5]","[0.8, 1.4, 1.9, 2.3, 1.7, 1.2, 0.8, -0.03, -0.04, -0.05, -0.06, -0.07, -0.08, -0.09]",3,311.2667075477854,301.1408670245455,321.3925480710253,3.8986266030284553,1.8478380612463803,5.94941514481053
"[10, 1, 20, 5]","[0.8, 1.4, 1.9, 2.3, 1.7, 1.2, 0.8, -0.03, -0.04, -0.05, -0.06, -0.07, -0.08, -0.09]",4,309.28977042831116,299.04743259683534,319.532108259787,4.53798849851902,2.480224816522941,6.595752180515099
"[10, 1, 20, 5]","[0.8, 1.4, 1.9, 2.3, 1.7, 1.2, 0.8, -0.03, -0.04, -0.05, -0.06, -0.07, -0.08, -0.09]",5,310.530678399317,300.0963306298983,320.96502616873573,4.144610487137621,2.017556523161631,6.271664451113612
"[10, 1, 20, 5]","[0.8, 1.4, 1.9, 2.3, 1.7, 1.2, 0.8, -0.06, -0.08, -0.1, -0.12, -0.14, -0.16, -0.18]",0,329.6950949832528,317.07210944420683,342.3180805222987,0.0,0.0,0.0
"[10, 1, 20, 5]","[0.8, 1.4, 1.9, 2.3, 1.7, 1.2, 0.8, -0.06, -0.08, -0.1, -0.12, -0.14, -0.16, -0.18]",1,315.7687576443703,305.6755105327741,325.86200475596644,2.9560543692633177,0.6242395607089914,5.287869177817644
"[10, 1, 20, 5]","[0.8, 1.4, 1.9, 2.3, 1.7, 1.2, 0.8, -0.06, -0.08, -0.1, -0.12, -0.14, -0.16, -0.18]",2,316.3568345887198,304.8676617117859,327.84600746565366,3.243292621739828,1.2022849192605674,5.284300324219089
"[10, 1, 20, 5]","[0.8, 1.4, 1.9, 2.3, 1.7, 1.2, 0.8, -0.06, -0.08, -0.1, -0.12, -0.14, -0.16, -0.18]",3,313.29514408756916,302.5862978372774,324.0039903378609,4.013839446239175,1.9603213594119353,6.067357533066415
"[10, 1, 20, 5]","[0.8, 1.4, 1.9, 2.3, 1.7, 1.2, 0.8, -0.06, -0.08, -0.1, -0.12, -0.14, -0.16, -0.18]",4,315.8782963912528,304.81864488101183,326.9379479014937,3.2600378943073816,1.1694714781015416,5.350604310513221
"[10, 1, 20, 5]","[0.8, 1.4, 1.9, 2.3, 1.7, 1.2, 0.8, -0.06, -0.08, -0.1, -0.12, -0.14, -0.16, -0.18]",5,316.37745936033264,305.54728546194,327.20763325872525,3.0444363915446138,0.9504343851262962,5.138438397962931
"[10, 1, 20, 5]","[0.8, 1.4, 1.9, 2.3, 1.7, 1.2, 0.8, -0.12, -0.16, -0.2, -0.24, -0.28, -0.32, -0.36]",0,341.5189584354317,328.93391394536724,354.1040029254962,0.0,0.0,0.0
"[10, 1, 20, 5]","[0.8, 1.4, 1.9, 2.3, 1.7, 1.2, 0.8, -0.12, -0.16, -0.2, -0.24, -0.28, -0.32, -0.36]",1,338.38767391528825,326.9124721421564,349.8628756884201,0.18000090866107515,-1.7754820498333403,2.1354838671554908
"[10, 1, 20, 5]","[0.8, 1.4, 1.9, 2.3, 1.7, 1.2, 0.8, -0.12, -0.16, -0.2, -0.24, -0.28, -0.32, -0.36]",2,339.8952538417564,328.0542795251748,351.736228158338,-0.1439009737291132,-1.9979385924386048,1.7101366449803783
"[10, 1, 20, 5]","[0.8, 1.4, 1.9, 2.3, 1.7, 1.2, 0.8, -0.12, -0.16, -0.2, -0.24, -0.28, -0.32, -0.36]",3,338.31646575375873,326.8199464357143,349.81298507180315,0.19755037930305888,-1.779772873018968,2.174873631625086
"[10, 1, 20, 5]","[0.8, 1.4, 1.9, 2.3, 1.7, 1.2, 0.8, -0.12, -0.16, -0.2, -0.24, -0.28, -0.32, -0.36]",4,340.0103328580489,328.16267255535024,351.8579931607476,-0.2056703056002025,-2.1317920696821515,1.7204514584817463
"[10, 1, 20, 5]","[0.8, 1.4, 1.9, 2.3, 1.7, 1.2, 0.8, -0.12, -0.16, -0.2, -0.24, -0.28, -0.32, -0.36]",5,340.87839987966635,328.94127866780246,352.81552109153023,-0.4443434982538632,-2.3789335663554763,1.49024656984775
"[10, 1, 20, 5]","[0.8, 1.4, 1.9, 2.3, 1.7, 1.2, 0.8, -0.24, -0.32, -0.4, -0.48, -0.56, -0.64, -0.72]",0,416.333991001356,402.0354727552445,430.63250924746757,0.0,0.0,0.0
"[10, 1, 20, 5]","[0.8, 1.4, 1.9, 2.3, 1.7, 1.2, 0.8, -0.24, -0.32, -0.4, -0.48, -0.56, -0.64, -0.72]",1,419.1116886286126,405.81561885169884,432.4077584055264,-1.1750405333948093,-2.7448265691614324,0.39474550237181405
"[10, 1, 20, 5]","[0.8, 1.4, 1.9, 2.3, 1.7, 1.2, 0.8, -0.24, -0.32, -0.4, -0.48, -0.56, -0.64, -0.72]",2,416.1314901241142,402.7666126544379,429.49636759379047,-0.40995916995587917,-1.8385062394513785,1.0185878995396203
"[10, 1, 20, 5]","[0.8, 1.4, 1.9, 2.3, 1.7, 1.2, 0.8, -0.24, -0.32, -0.4, -0.48, -0.56, -0.64, -0.72]",3,414.732564164753,402.13411479850583,427.33101353100017,-0.21009308844409744,-1.667882379405094,1.2476962025168992
"[10, 1, 20, 5]","[0.8, 1.4, 1.9, 2.3, 1.7, 1.2, 0.8, -0.24, -0.32, -0.4, -0.48, -0.56, -0.64, -0.72]",4,413.12889914748246,400.6292945980817,425.62850369688323,0.14046251057134534,-1.3804620704851616,1.6613870916278521
"[10, 1, 20, 5]","[0.8, 1.4, 1.9, 2.3, 1.7, 1.2, 0.8, -0.24, -0.32, -0.4, -0.48, -0.56, -0.64, -0.72]",5,413.43916943016427,400.8499034509634,426.02843540936516,0.08915577122200764,-1.404662281252513,1.5829738236965283
"[10, 1, 20, 5]","[0.8, 1.4, 1.9, 2.3, 1.7, 1.2, 0.8, -0.48, -0.64, -0.8, -0.96, -1.12, -1.28, -1.44]",0,637.622111763567,617.644595557525,657.599627969609,0.0,0.0,0.0
"[10, 1, 20, 5]","[0.8, 1.4, 1.9, 2.3, 1.7, 1.2, 0.8, -0.48, -0.64, -0.8, -0.96, -1.12, -1.28, -1.44]",1,633.4462743373425,613.4400691174432,653.4524795572419,0.6135015959370781,-0.06267928670413792,1.289682478578294
"[10, 1, 20, 5]","[0.8, 1.4, 1.9, 2.3, 1.7, 1.2, 0.8, -0.48, -0.64, -0.8, -0.96, -1.12, -1.28, -1.44]",2,632.2245378846852,611.4539848400689,652.9950909293016,0.8882653202418568,0.1415772012034232,1.6349534392802902
"[10, 1, 20, 5]","[0.8, 1.4, 1.9, 2.3, 1.7, 1.2, 0.8, -0.48, -0.64, -0.8, -0.96, -1.12, -1.28, -1.44]",3,632.23026323852,611.3786115964202,653.0819148806198,0.8962534973979615,0.14207811993538144,1.6504288748605416
"[10, 1, 20, 5]","[0.8, 1.4, 1.9, 2.3, 1.7, 1.2, 0.8, -0.48, -0.64, -0.8, -0.96, -1.12, -1.28, -1.44]",4,632.5414704062314,611.6105620978512,653.4723787146115,0.8556460022484588,0.0770991250208829,1.6341928794760348
"[10, 1, 20, 5]","[0.8, 1.4, 1.9, 2.3, 1.7, 1.2, 0.8, -0.48, -0.64, -0.8, -0.96, -1.12, -1.28, -1.44]",5,632.7119955615319,611.8265163474998,653.597474775564,0.8274807983156843,0.1250802974345534,1.5298812991968154
"[10, 1, 20, 20]","[0.8, 1.4, 1.9, 2.3, 1.7, 1.2, 0.8, 0.0, 0.0, 0.0, 0.0, 0.0, 0.0, 0.0]",0,323.8533544909862,311.451115816281,336.2555931656914,0.0,0.0,0.0
"[10, 1, 20, 20]","[0.8, 1.4, 1.9, 2.3, 1.7, 1.2, 0.8, 0.0, 0.0, 0.0, 0.0, 0.0, 0.0, 0.0]",1,316.76602024726367,305.6716756688701,327.86036482565726,1.4196070356325863,-0.5757782441586219,3.4149923154237944
"[10, 1, 20, 20]","[0.8, 1.4, 1.9, 2.3, 1.7, 1.2, 0.8, 0.0, 0.0, 0.0, 0.0, 0.0, 0.0, 0.0]",2,318.70845210846727,307.5390896034674,329.87781461346714,0.7781270518537795,-1.3124107695408331,2.868664873248392
"[10, 1, 20, 20]","[0.8, 1.4, 1.9, 2.3, 1.7, 1.2, 0.8, 0.0, 0.0, 0.0, 0.0, 0.0, 0.0, 0.0]",3,317.7725856784033,306.6341572297016,328.911014127105,1.0478661192001513,-1.040296303289302,3.1360285416896048
"[10, 1, 20, 20]","[0.8, 1.4, 1.9, 2.3, 1.7, 1.2, 0.8, 0.0, 0.0, 0.0, 0.0, 0.0, 0.0, 0.0]",4,318.30474720414315,307.1275561951775,329.48193821310883,0.8545775726023612,-1.2385852897655834,2.9477404349703056
"[10, 1, 20, 20]","[0.8, 1.4, 1.9, 2.3, 1.7, 1.2, 0.8, 0.0, 0.0, 0.0, 0.0, 0.0, 0.0, 0.0]",5,319.36280574735014,308.2792280140484,330.4463834806519,0.45678345157339806,-1.7248242108289817,2.6383911139757776
"[10, 1, 20, 20]","[0.8, 1.4, 1.9, 2.3, 1.7, 1.2, 0.8, -0.03, -0.04, -0.05, -0.06, -0.07, -0.08, -0.09]",0,330.5134835903125,318.8417232561375,342.18524392448745,0.0,0.0,0.0
"[10, 1, 20, 20]","[0.8, 1.4, 1.9, 2.3, 1.7, 1.2, 0.8, -0.03, -0.04, -0.05, -0.06, -0.07, -0.08, -0.09]",1,326.96296340043847,315.1748642503958,338.75106255048115,0.3873006811318127,-1.8674291710532052,2.642030533316831
"[10, 1, 20, 20]","[0.8, 1.4, 1.9, 2.3, 1.7, 1.2, 0.8, -0.03, -0.04, -0.05, -0.06, -0.07, -0.08, -0.09]",2,325.08063006319577,313.5044799247748,336.65678020161675,0.9631176460650382,-1.2260158319816408,3.1522511241117175
"[10, 1, 20, 20]","[0.8, 1.4, 1.9, 2.3, 1.7, 1.2, 0.8, -0.03, -0.04, -0.05, -0.06, -0.07, -0.08, -0.09]",3,322.74780644075855,311.57147539027216,333.92413749124495,1.6007251564543206,-0.5852692898395635,3.786719602748205
"[10, 1, 20, 20]","[0.8, 1.4, 1.9, 2.3, 1.7, 1.2, 0.8, -0.03, -0.04, -0.05, -0.06, -0.07, -0.08, -0.09]",4,322.17010735010797,310.94866202823897,333.39155267197697,1.8670903298462735,-0.11576438535856948,3.8499450450511166
"[10, 1, 20, 20]","[0.8, 1.4, 1.9, 2.3, 1.7, 1.2, 0.8, -0.03, -0.04, -0.05, -0.06, -0.07, -0.08, -0.09]",5,319.9600828653975,309.4436669052463,330.47649882554873,2.4919854578028118,0.6570652098479031,4.326905705757721
"[10, 1, 20, 20]","[0.8, 1.4, 1.9, 2.3, 1.7, 1.2, 0.8, -0.06, -0.08, -0.1, -0.12, -0.14, -0.16, -0.18]",0,339.160829007641,326.7882694777088,351.53338853757316,0.0,0.0,0.0
"[10, 1, 20, 20]","[0.8, 1.4, 1.9, 2.3, 1.7, 1.2, 0.8, -0.06, -0.08, -0.1, -0.12, -0.14, -0.16, -0.18]",1,335.48366511295006,323.3085992833255,347.6587309425746,0.23989479939613745,-2.1217090653968653,2.60149866418914
"[10, 1, 20, 20]","[0.8, 1.4, 1.9, 2.3, 1.7, 1.2, 0.8, -0.06, -0.08, -0.1, -0.12, -0.14, -0.16, -0.18]",2,338.2222763879446,325.9432538310572,350.501298944832,-0.43206334275413505,-2.6816015945291487,1.8174749090208784
"[10, 1, 20, 20]","[0.8, 1.4, 1.9, 2.3, 1.7, 1.2, 0.8, -0.06, -0.08, -0.1, -0.12, -0.14, -0.16, -0.18]",3,337.19821118171086,325.0144485973705,349.3819737660512,-0.14258850160962966,-2.3494692772671946,2.064292274047935
"[10, 1, 20, 20]","[0.8, 1.4, 1.9, 2.3, 1.7, 1.2, 0.8, -0.06, -0.08, -0.1, -0.12, -0.14, -0.16, -0.18]",4,335.8958842266544,323.8158972262066,347.97587122710223,0.25680644012923237,-1.8764621860667767,2.3900750663252412
"[10, 1, 20, 20]","[0.8, 1.4, 1.9, 2.3, 1.7, 1.2, 0.8, -0.06, -0.08, -0.1, -0.12, -0.14, -0.16, -0.18]",5,338.24318143398807,326.52646653089306,349.9598963370831,-0.5131965119357755,-2.6809402428749314,1.65454721900338
"[10, 1, 20, 20]","[0.8, 1.4, 1.9, 2.3, 1.7, 1.2, 0.8, -0.12, -0.16, -0.2, -0.24, -0.28, -0.32, -0.36]",0,367.7046075332226,354.08270013553175,381.32651493091345,0.0,0.0,0.0
"[10, 1, 20, 20]","[0.8, 1.4, 1.9, 2.3, 1.7, 1.2, 0.8, -0.12, -0.16, -0.2, -0.24, -0.28, -0.32, -0.36]",1,371.5778974678893,359.04221815503996,384.1135767807386,-1.8998841140639149,-4.019299973464449,0.219531745336619
"[10, 1, 20, 20]","[0.8, 1.4, 1.9, 2.3, 1.7, 1.2, 0.8, -0.12, -0.16, -0.2, -0.24, -0.28, -0.32, -0.36]",2,367.62447313626694,355.50087098227937,379.7480752902545,-0.8483555138185618,-2.8764089722027433,1.17969794456562
"[10, 1, 20, 20]","[0.8, 1.4, 1.9, 2.3, 1.7, 1.2, 0.8, -0.12, -0.16, -0.2, -0.24, -0.28, -0.32, -0.36]",3,364.99399292853434,353.51361843909933,376.47436741796935,-0.30947584256476895,-2.4620146767884807,1.8430629916589427
"[10, 1, 20, 20]","[0.8, 1.4, 1.9, 2.3, 1.7, 1.2, 0.8, -0.12, -0.16, -0.2, -0.24, -0.28, -0.32, -0.36]",4,366.14860749509296,354.45808653429253,377.8391284558934,-0.5519358743723862,-2.632517006750006,1.5286452580052332
"[10, 1, 20, 20]","[0.8, 1.4, 1.9, 2.3, 1.7, 1.2, 0.8, -0.12, -0.16, -0.2, -0.24, -0.28, -0.32, -0.36]",5,365.73047162475757,354.0309023794464,377.43004087006875,-0.42924442730058154,-2.510241147871124,1.6517522932699606
"[10, 1, 20, 20]","[0.8, 1.4, 1.9, 2.3, 1.7, 1.2, 0.8, -0.24, -0.32, -0.4, -0.48, -0.56, -0.64, -0.72]",0,527.0714525528766,505.951858683594,548.1910464221593,0.0,0.0,0.0
"[10, 1, 20, 20]","[0.8, 1.4, 1.9, 2.3, 1.7, 1.2, 0.8, -0.24, -0.32, -0.4, -0.48, -0.56, -0.64, -0.72]",1,532.5626584224817,513.1388870634032,551.9864297815602,-1.7679196010341784,-3.669437461785286,0.13359825971692874
"[10, 1, 20, 20]","[0.8, 1.4, 1.9, 2.3, 1.7, 1.2, 0.8, -0.24, -0.32, -0.4, -0.48, -0.56, -0.64, -0.72]",2,522.6676385858424,504.1940274003935,541.1412497712913,-0.06432596876942438,-2.157852592953029,2.02920065541418
"[10, 1, 20, 20]","[0.8, 1.4, 1.9, 2.3, 1.7, 1.2, 0.8, -0.24, -0.32, -0.4, -0.48, -0.56, -0.64, -0.72]",3,515.9838855234198,497.22300971383714,534.7447613330023,1.2925917555084225,-0.7890538787199091,3.374237389736754
"[10, 1, 20, 20]","[0.8, 1.4, 1.9, 2.3, 1.7, 1.2, 0.8, -0.24, -0.32, -0.4, -0.48, -0.56, -0.64, -0.72]",4,516.3985595818293,497.82456643338656,534.972552730272,1.1335787692163415,-1.0466346955440249,3.3137922339767076
"[10, 1, 20, 20]","[0.8, 1.4, 1.9, 2.3, 1.7, 1.2, 0.8, -0.24, -0.32, -0.4, -0.48, -0.56, -0.64, -0.72]",5,517.0598052083003,498.3829926050308,535.7366178115698,1.0176297635736704,-1.1463754250770561,3.181634952224397
"[10, 1, 20, 20]","[0.8, 1.4, 1.9, 2.3, 1.7, 1.2, 0.8, -0.48, -0.64, -0.8, -0.96, -1.12, -1.28, -1.44]",0,889.4181815639827,861.8824158150752,916.9539473128901,0.0,0.0,0.0
"[10, 1, 20, 20]","[0.8, 1.4, 1.9, 2.3, 1.7, 1.2, 0.8, -0.48, -0.64, -0.8, -0.96, -1.12, -1.28, -1.44]",1,862.1392254255069,835.0722005584893,889.2062502925245,2.980254763552713,2.065718570482926,3.8947909566225
"[10, 1, 20, 20]","[0.8, 1.4, 1.9, 2.3, 1.7, 1.2, 0.8, -0.48, -0.64, -0.8, -0.96, -1.12, -1.28, -1.44]",2,862.4779166512121,834.8845173331824,890.0713159692418,2.9862773019314317,2.0248929461571823,3.947661657705681
"[10, 1, 20, 20]","[0.8, 1.4, 1.9, 2.3, 1.7, 1.2, 0.8, -0.48, -0.64, -0.8, -0.96, -1.12, -1.28, -1.44]",3,862.2400032079803,834.6500409928051,889.8299654231555,3.016973620419806,2.071165921126785,3.9627813197128265
"[10, 1, 20, 20]","[0.8, 1.4, 1.9, 2.3, 1.7, 1.2, 0.8, -0.48, -0.64, -0.8, -0.96, -1.12, -1.28, -1.44]",4,872.3636249745142,844.457316934987,900.2699330140414,1.9244747395582238,1.1764695910157772,2.6724798881006704
"[10, 1, 20, 20]","[0.8, 1.4, 1.9, 2.3, 1.7, 1.2, 0.8, -0.48, -0.64, -0.8, -0.96, -1.12, -1.28, -1.44]",5,872.2294176477293,844.3589930985169,900.0998421969417,1.9370569734374024,1.1904514942630575,2.683662452611747
"[10, 1, 20, 80]","[0.8, 1.4, 1.9, 2.3, 1.7, 1.2, 0.8, 0.0, 0.0, 0.0, 0.0, 0.0, 0.0, 0.0]",0,334.20501937335024,320.9825204555759,347.42751829112456,0.0,0.0,0.0
"[10, 1, 20, 80]","[0.8, 1.4, 1.9, 2.3, 1.7, 1.2, 0.8, 0.0, 0.0, 0.0, 0.0, 0.0, 0.0, 0.0]",1,335.64151196061243,319.5151719174229,351.767852003802,-0.9630964101015409,-4.069955751200923,2.143762930997841
"[10, 1, 20, 80]","[0.8, 1.4, 1.9, 2.3, 1.7, 1.2, 0.8, 0.0, 0.0, 0.0, 0.0, 0.0, 0.0, 0.0]",2,332.1739979109302,317.1376268669837,347.21036895487674,-0.12727743262504304,-3.062387156008572,2.8078322907584856
"[10, 1, 20, 80]","[0.8, 1.4, 1.9, 2.3, 1.7, 1.2, 0.8, 0.0, 0.0, 0.0, 0.0, 0.0, 0.0, 0.0]",3,335.6214198319329,320.2201862375088,351.02265342635695,-1.031765120962676,-3.8237216070049964,1.7601913650796446
"[10, 1, 20, 80]","[0.8, 1.4, 1.9, 2.3, 1.7, 1.2, 0.8, 0.0, 0.0, 0.0, 0.0, 0.0, 0.0, 0.0]",4,336.60409495929053,321.05817483468184,352.15001508389923,-1.333070755466277,-4.211327323187504,1.5451858122549502
"[10, 1, 20, 80]","[0.8, 1.4, 1.9, 2.3, 1.7, 1.2, 0.8, 0.0, 0.0, 0.0, 0.0, 0.0, 0.0, 0.0]",5,337.6390902651151,322.0445551712668,353.2336253589634,-1.6453307075191537,-4.549923498220005,1.2592620831816983
"[10, 1, 20, 80]","[0.8, 1.4, 1.9, 2.3, 1.7, 1.2, 0.8, -0.03, -0.04, -0.05, -0.06, -0.07, -0.08, -0.09]",0,351.2522134967344,336.8246004680296,365.6798265254392,0.0,0.0,0.0
"[10, 1, 20, 80]","[0.8, 1.4, 1.9, 2.3, 1.7, 1.2, 0.8, -0.03, -0.04, -0.05, -0.06, -0.07, -0.08, -0.09]",1,359.2637774042433,341.64653266268357,376.881022145803,-2.654134525191856,-5.5834605054474045,0.275191455063692
"[10, 1, 20, 80]","[0.8, 1.4, 1.9, 2.3, 1.7, 1.2, 0.8, -0.03, -0.04, -0.05, -0.06, -0.07, -0.08, -0.09]",2,350.5357148125417,335.652234642745,365.4191949823384,-0.37522394482236643,-2.702038950500624,1.9515910608558908
"[10, 1, 20, 80]","[0.8, 1.4, 1.9, 2.3, 1.7, 1.2, 0.8, -0.03, -0.04, -0.05, -0.06, -0.07, -0.08, -0.09]",3,351.53504303807915,336.635093939162,366.4349921369963,-0.6457602508500321,-2.978177593506884,1.6866570918068202
"[10, 1, 20, 80]","[0.8, 1.4, 1.9, 2.3, 1.7, 1.2, 0.8, -0.03, -0.04, -0.05, -0.06, -0.07, -0.08, -0.09]",4,349.41881797463816,335.21307027966077,363.62456566961555,-0.22316573564553452,-2.548904750347275,2.1025732790562057
"[10, 1, 20, 80]","[0.8, 1.4, 1.9, 2.3, 1.7, 1.2, 0.8, -0.03, -0.04, -0.05, -0.06, -0.07, -0.08, -0.09]",5,349.6967748024297,335.61986866008425,363.7736809447751,-0.4030417597391295,-2.833301605357496,2.0272180858792375
"[10, 1, 20, 80]","[0.8, 1.4, 1.9, 2.3, 1.7, 1.2, 0.8, -0.06, -0.08, -0.1, -0.12, -0.14, -0.16, -0.18]",0,373.7575482929175,357.28302084834576,390.2320757374892,0.0,0.0,0.0
"[10, 1, 20, 80]","[0.8, 1.4, 1.9, 2.3, 1.7, 1.2, 0.8, -0.06, -0.08, -0.1, -0.12, -0.14, -0.16, -0.18]",1,383.8569849082186,366.1769509923076,401.5370188241296,-3.66950838624915,-6.8689391015948225,-0.4700776709034771
"[10, 1, 20, 80]","[0.8, 1.4, 1.9, 2.3, 1.7, 1.2, 0.8, -0.06, -0.08, -0.1, -0.12, -0.14, -0.16, -0.18]",2,385.719266348469,369.26821262533633,402.1703200716016,-4.323614226452573,-7.336897891583174,-1.3103305613219725
"[10, 1, 20, 80]","[0.8, 1.4, 1.9, 2.3, 1.7, 1.2, 0.8, -0.06, -0.08, -0.1, -0.12, -0.14, -0.16, -0.18]",3,387.4083775042183,369.8614333740309,404.9553216344057,-4.517865895708265,-7.45635689635473,-1.5793748950617998
"[10, 1, 20, 80]","[0.8, 1.4, 1.9, 2.3, 1.7, 1.2, 0.8, -0.06, -0.08, -0.1, -0.12, -0.14, -0.16, -0.18]",4,387.7566137527868,370.4574565146813,405.05577099089226,-4.5472026283478595,-7.257061340203607,-1.8373439164921122
"[10, 1, 20, 80]","[0.8, 1.4, 1.9, 2.3, 1.7, 1.2, 0.8, -0.06, -0.08, -0.1, -0.12, -0.14, -0.16, -0.18]",5,384.9354490161923,367.910558213891,401.9603398184936,-3.8173159461351527,-6.494339199254973,-1.1402926930153328
"[10, 1, 20, 80]","[0.8, 1.4, 1.9, 2.3, 1.7, 1.2, 0.8, -0.12, -0.16, -0.2, -0.24, -0.28, -0.32, -0.36]",0,453.96470911071896,432.1080511336403,475.8213670877976,0.0,0.0,0.0
"[10, 1, 20, 80]","[0.8, 1.4, 1.9, 2.3, 1.7, 1.2, 0.8, -0.12, -0.16, -0.2, -0.24, -0.28, -0.32, -0.36]",1,467.3991203102915,443.18087692226345,491.61736369831954,-3.76589245343561,-6.895982291236074,-0.6358026156351455
"[10, 1, 20, 80]","[0.8, 1.4, 1.9, 2.3, 1.7, 1.2, 0.8, -0.12, -0.16, -0.2, -0.24, -0.28, -0.32, -0.36]",2,458.76981777496457,434.2459353586205,483.29370019130863,-1.5231670421285677,-4.333768166479828,1.2874340822226928
"[10, 1, 20, 80]","[0.8, 1.4, 1.9, 2.3, 1.7, 1.2, 0.8, -0.12, -0.16, -0.2, -0.24, -0.28, -0.32, -0.36]",3,465.06353282556006,440.869254249558,489.2578114015621,-2.97880531748853,-5.805691146420549,-0.15191948855651116
"[10, 1, 20, 80]","[0.8, 1.4, 1.9, 2.3, 1.7, 1.2, 0.8, -0.12, -0.16, -0.2, -0.24, -0.28, -0.32, -0.36]",4,461.92538792369027,437.72383346919,486.1269423781905,-2.3650437490904097,-5.254517738962315,0.5244302407814954
"[10, 1, 20, 80]","[0.8, 1.4, 1.9, 2.3, 1.7, 1.2, 0.8, -0.12, -0.16, -0.2, -0.24, -0.28, -0.32, -0.36]",5,461.39246105169235,437.8348239023565,484.9500982010282,-2.315033146943184,-5.069077422276088,0.43901112838972045
"[10, 1, 20, 80]","[0.8, 1.4, 1.9, 2.3, 1.7, 1.2, 0.8, -0.24, -0.32, -0.4, -0.48, -0.56, -0.64, -0.72]",0,758.1776838753087,722.8067972105843,793.5485705400332,0.0,0.0,0.0
"[10, 1, 20, 80]","[0.8, 1.4, 1.9, 2.3, 1.7, 1.2, 0.8, -0.24, -0.32, -0.4, -0.48, -0.56, -0.64, -0.72]",1,740.9500433880485,706.1553535245661,775.7447332515309,0.7148004113201509,-2.85938328468683,4.288984107327132
"[10, 1, 20, 80]","[0.8, 1.4, 1.9, 2.3, 1.7, 1.2, 0.8, -0.24, -0.32, -0.4, -0.48, -0.56, -0.64, -0.72]",2,726.0803756257187,692.0956740794749,760.0650771719626,2.8059393567986133,-0.6436903309039308,6.255569044501158
"[10, 1, 20, 80]","[0.8, 1.4, 1.9, 2.3, 1.7, 1.2, 0.8, -0.24, -0.32, -0.4, -0.48, -0.56, -0.64, -0.72]",3,720.4134225709022,686.8900138957276,753.9368312460767,3.490359722379121,0.018622725614231506,6.962096719144011
"[10, 1, 20, 80]","[0.8, 1.4, 1.9, 2.3, 1.7, 1.2, 0.8, -0.24, -0.32, -0.4, -0.48, -0.56, -0.64, -0.72]",4,723.4871906786003,690.246748984929,756.7276323722716,2.9905024907135878,-0.5256406973875807,6.506645678814756
"[10, 1, 20, 80]","[0.8, 1.4, 1.9, 2.3, 1.7, 1.2, 0.8, -0.24, -0.32, -0.4, -0.48, -0.56, -0.64, -0.72]",5,724.0703267270401,690.3094488645537,757.8312045895265,2.990194474490297,-0.4983386414275679,6.4787275904081625
"[10, 1, 20, 80]","[0.8, 1.4, 1.9, 2.3, 1.7, 1.2, 0.8, -0.48, -0.64, -0.8, -0.96, -1.12, -1.28, -1.44]",0,1201.6229724294296,1157.3929227201913,1245.853022138668,0.0,0.0,0.0
"[10, 1, 20, 80]","[0.8, 1.4, 1.9, 2.3, 1.7, 1.2, 0.8, -0.48, -0.64, -0.8, -0.96, -1.12, -1.28, -1.44]",1,1268.1378472862375,1219.0390142792917,1317.2366802931833,-5.736153878230946,-7.463452211644132,-4.008855544817759
"[10, 1, 20, 80]","[0.8, 1.4, 1.9, 2.3, 1.7, 1.2, 0.8, -0.48, -0.64, -0.8, -0.96, -1.12, -1.28, -1.44]",2,1194.6419803412155,1149.8970990398839,1239.386861642547,0.5589277486251877,-0.1348065062429824,1.2526620034933578
"[10, 1, 20, 80]","[0.8, 1.4, 1.9, 2.3, 1.7, 1.2, 0.8, -0.48, -0.64, -0.8, -0.96, -1.12, -1.28, -1.44]",3,1197.7145438164596,1152.5543141399994,1242.8747734929198,0.34068970147812777,-0.3363010539833488,1.0176804569396043
"[10, 1, 20, 80]","[0.8, 1.4, 1.9, 2.3, 1.7, 1.2, 0.8, -0.48, -0.64, -0.8, -0.96, -1.12, -1.28, -1.44]",4,1199.398052574818,1153.9031317861493,1244.8929733634866,0.23949992589839492,-0.39614966052862594,0.8751495123254158
"[10, 1, 20, 80]","[0.8, 1.4, 1.9, 2.3, 1.7, 1.2, 0.8, -0.48, -0.64, -0.8, -0.96, -1.12, -1.28, -1.44]",5,1198.8393079883103,1153.3520763986153,1244.3265395780054,0.2856552037264181,-0.3535059969226529,0.9248164043754892
"[100, 1, 20, 5]","[0.8, 1.4, 1.9, 2.3, 1.7, 1.2, 0.8, 0.0, 0.0, 0.0, 0.0, 0.0, 0.0, 0.0]",0,1304.7819892681293,1275.8432734918488,1333.72070504441,0.0,0.0,0.0
"[100, 1, 20, 5]","[0.8, 1.4, 1.9, 2.3, 1.7, 1.2, 0.8, 0.0, 0.0, 0.0, 0.0, 0.0, 0.0, 0.0]",1,995.7090491439064,982.3962626158317,1009.0218356719812,23.10148195330187,21.802476826850146,24.400487079753596
"[100, 1, 20, 5]","[0.8, 1.4, 1.9, 2.3, 1.7, 1.2, 0.8, 0.0, 0.0, 0.0, 0.0, 0.0, 0.0, 0.0]",2,940.1846146957168,926.81323437088,953.5559950205537,27.43621744485202,26.279333606765583,28.593101282938456
"[100, 1, 20, 5]","[0.8, 1.4, 1.9, 2.3, 1.7, 1.2, 0.8, 0.0, 0.0, 0.0, 0.0, 0.0, 0.0, 0.0]",3,919.0155661636546,905.8966248698152,932.134507457494,29.1171252975754,28.093575382918196,30.1406752122326
"[100, 1, 20, 5]","[0.8, 1.4, 1.9, 2.3, 1.7, 1.2, 0.8, 0.0, 0.0, 0.0, 0.0, 0.0, 0.0, 0.0]",4,914.284439775732,901.0714841503516,927.4973954011125,29.49201643944333,28.49043383071151,30.49359904817515
"[100, 1, 20, 5]","[0.8, 1.4, 1.9, 2.3, 1.7, 1.2, 0.8, 0.0, 0.0, 0.0, 0.0, 0.0, 0.0, 0.0]",5,910.9899667597273,898.1176869111706,923.862246608284,29.736836873179737,28.734143550237192,30.73953019612228
"[100, 1, 20, 5]","[0.8, 1.4, 1.9, 2.3, 1.7, 1.2, 0.8, -0.03, -0.04, -0.05, -0.06, -0.07, -0.08, -0.09]",0,1363.22318181518,1332.4264471050606,1394.0199165252993,0.0,0.0,0.0
"[100, 1, 20, 5]","[0.8, 1.4, 1.9, 2.3, 1.7, 1.2, 0.8, -0.03, -0.04, -0.05, -0.06, -0.07, -0.08, -0.09]",1,1019.3915142004054,1006.093705676574,1032.6893227242367,24.629344935516343,23.349650725728946,25.90903914530374
"[100, 1, 20, 5]","[0.8, 1.4, 1.9, 2.3, 1.7, 1.2, 0.8, -0.03, -0.04, -0.05, -0.06, -0.07, -0.08, -0.09]",2,953.9360859836479,940.9665677135857,966.9056042537101,29.534220342891864,28.46219756385655,30.60624312192718
"[100, 1, 20, 5]","[0.8, 1.4, 1.9, 2.3, 1.7, 1.2, 0.8, -0.03, -0.04, -0.05, -0.06, -0.07, -0.08, -0.09]",3,936.6999320011893,922.9482728726084,950.4515911297701,30.85647478699062,29.86673016999605,31.84621940398519
"[100, 1, 20, 5]","[0.8, 1.4, 1.9, 2.3, 1.7, 1.2, 0.8, -0.03, -0.04, -0.05, -0.06, -0.07, -0.08, -0.09]",4,930.8454623577148,917.0177757044111,944.6731490110186,31.303969305158798,30.353262881153427,32.25467572916417
"[100, 1, 20, 5]","[0.8, 1.4, 1.9, 2.3, 1.7, 1.2, 0.8, -0.03, -0.04, -0.05, -0.06, -0.07, -0.08, -0.09]",5,929.0601457131498,914.7918471484619,943.3284442778378,31.439373509425604,30.466247353628578,32.412499665222626
"[100, 1, 20, 5]","[0.8, 1.4, 1.9, 2.3, 1.7, 1.2, 0.8, -0.06, -0.08, -0.1, -0.12, -0.14, -0.16, -0.18]",0,1394.5828290473657,1364.1990475444593,1424.9666105502722,0.0,0.0,0.0
"[100, 1, 20, 5]","[0.8, 1.4, 1.9, 2.3, 1.7, 1.2, 0.8, -0.06, -0.08, -0.1, -0.12, -0.14, -0.16, -0.18]",1,1079.807757402811,1067.5528966016773,1092.0626182039446,21.959804130061098,20.643655433814317,23.27595282630788
"[100, 1, 20, 5]","[0.8, 1.4, 1.9, 2.3, 1.7, 1.2, 0.8, -0.06, -0.08, -0.1, -0.12, -0.14, -0.16, -0.18]",2,1004.634468192903,990.6890044080598,1018.5799319777462,27.50003655704902,26.398237049650284,28.60183606444776
"[100, 1, 20, 5]","[0.8, 1.4, 1.9, 2.3, 1.7, 1.2, 0.8, -0.06, -0.08, -0.1, -0.12, -0.14, -0.16, -0.18]",3,990.5836691890524,976.7072430284311,1004.4600953496738,28.499664881029993,27.368156265897813,29.631173496162173
"[100, 1, 20, 5]","[0.8, 1.4, 1.9, 2.3, 1.7, 1.2, 0.8, -0.06, -0.08, -0.1, -0.12, -0.14, -0.16, -0.18]",4,988.7548367236172,974.7131187044233,1002.7965547428112,28.64196693060464,27.525122804193927,29.75881105701535
"[100, 1, 20, 5]","[0.8, 1.4, 1.9, 2.3, 1.7, 1.2, 0.8, -0.06, -0.08, -0.1, -0.12, -0.14, -0.16, -0.18]",5,986.4722702392282,972.200676532841,1000.7438639456154,28.839645916459496,27.80392286914747,29.87536896377152
"[100, 1, 20, 5]","[0.8, 1.4, 1.9, 2.3, 1.7, 1.2, 0.8, -0.12, -0.16, -0.2, -0.24, -0.28, -0.32, -0.36]",0,1506.9342599236684,1475.6697436227596,1538.1987762245772,0.0,0.0,0.0
"[100, 1, 20, 5]","[0.8, 1.4, 1.9, 2.3, 1.7, 1.2, 0.8, -0.12, -0.16, -0.2, -0.24, -0.28, -0.32, -0.36]",1,1337.6960267241232,1322.7707009430064,1352.6213525052399,10.551665915911471,9.020139611983886,12.083192219839056
"[100, 1, 20, 5]","[0.8, 1.4, 1.9, 2.3, 1.7, 1.2, 0.8, -0.12, -0.16, -0.2, -0.24, -0.28, -0.32, -0.36]",2,1238.4332615025337,1221.0642540840959,1255.8022689209715,17.331692552711985,16.061467605186586,18.601917500237384
"[100, 1, 20, 5]","[0.8, 1.4, 1.9, 2.3, 1.7, 1.2, 0.8, -0.12, -0.16, -0.2, -0.24, -0.28, -0.32, -0.36]",3,1238.6122926307098,1221.38225418198,1255.8423310794396,17.340513493392496,16.124940519017684,18.556086467767308
"[100, 1, 20, 5]","[0.8, 1.4, 1.9, 2.3, 1.7, 1.2, 0.8, -0.12, -0.16, -0.2, -0.24, -0.28, -0.32, -0.36]",4,1230.316399239633,1212.5516624966679,1248.0811359825982,17.90124395937226,16.66636592618699,19.136121992557527
"[100, 1, 20, 5]","[0.8, 1.4, 1.9, 2.3, 1.7, 1.2, 0.8, -0.12, -0.16, -0.2, -0.24, -0.28, -0.32, -0.36]",5,1225.4575178722346,1206.8052625538137,1244.1097731906555,18.258132731265245,17.0430011403894,19.47326432214109
"[100, 1, 20, 5]","[0.8, 1.4, 1.9, 2.3, 1.7, 1.2, 0.8, -0.24, -0.32, -0.4, -0.48, -0.56, -0.64, -0.72]",0,1778.5159777678005,1744.6602420953786,1812.3717134402223,0.0,0.0,0.0
"[100, 1, 20, 5]","[0.8, 1.4, 1.9, 2.3, 1.7, 1.2, 0.8, -0.24, -0.32, -0.4, -0.48, -0.56, -0.64, -0.72]",1,1793.4872243412556,1770.9717885251252,1816.002660157386,-1.3451989267709634,-2.7477210347942234,0.05732318125229652
"[100, 1, 20, 5]","[0.8, 1.4, 1.9, 2.3, 1.7, 1.2, 0.8, -0.24, -0.32, -0.4, -0.48, -0.56, -0.64, -0.72]",2,1754.7755073793317,1733.6849943614939,1775.8660203971695,0.8561364681583489,-0.42350752537503833,2.135780461691736
"[100, 1, 20, 5]","[0.8, 1.4, 1.9, 2.3, 1.7, 1.2, 0.8, -0.24, -0.32, -0.4, -0.48, -0.56, -0.64, -0.72]",3,1753.4004502308162,1730.7190297118038,1776.0818707498286,0.9619320060708952,-0.31702456407139235,2.240888576213183
"[100, 1, 20, 5]","[0.8, 1.4, 1.9, 2.3, 1.7, 1.2, 0.8, -0.24, -0.32, -0.4, -0.48, -0.56, -0.64, -0.72]",4,1748.9216440675245,1725.4973687737584,1772.3459193612907,1.2437046833844796,0.012892663555388983,2.4745167032135704
"[100, 1, 20, 5]","[0.8, 1.4, 1.9, 2.3, 1.7, 1.2, 0.8, -0.24, -0.32, -0.4, -0.48, -0.56, -0.64, -0.72]",5,1744.3491260324067,1721.2999375050817,1767.3983145597317,1.4967192622174519,0.2773097260888442,2.71612879834606
"[100, 1, 20, 5]","[0.8, 1.4, 1.9, 2.3, 1.7, 1.2, 0.8, -0.48, -0.64, -0.8, -0.96, -1.12, -1.28, -1.44]",0,2112.4576425811088,2079.417687636916,2145.4975975253014,0.0,0.0,0.0
"[100, 1, 20, 5]","[0.8, 1.4, 1.9, 2.3, 1.7, 1.2, 0.8, -0.48, -0.64, -0.8, -0.96, -1.12, -1.28, -1.44]",1,2109.974604268929,2074.927796829929,2145.021411707929,0.08503340554685955,-0.662430433137362,0.8324972442310812
"[100, 1, 20, 5]","[0.8, 1.4, 1.9, 2.3, 1.7, 1.2, 0.8, -0.48, -0.64, -0.8, -0.96, -1.12, -1.28, -1.44]",2,2109.3548311663526,2076.8234046370067,2141.8862576956985,0.11452042478468943,-0.29138674224801636,0.5204275918173953
"[100, 1, 20, 5]","[0.8, 1.4, 1.9, 2.3, 1.7, 1.2, 0.8, -0.48, -0.64, -0.8, -0.96, -1.12, -1.28, -1.44]",3,2108.721644545956,2076.142229684495,2141.3010594074176,0.14470789180607654,-0.26819049732523625,0.5576062809373894
"[100, 1, 20, 5]","[0.8, 1.4, 1.9, 2.3, 1.7, 1.2, 0.8, -0.48, -0.64, -0.8, -0.96, -1.12, -1.28, -1.44]",4,2108.1441007411604,2072.8851685699033,2143.4030329124175,0.17992774188756172,-0.5518447273809217,0.911700211156045
"[100, 1, 20, 5]","[0.8, 1.4, 1.9, 2.3, 1.7, 1.2, 0.8, -0.48, -0.64, -0.8, -0.96, -1.12, -1.28, -1.44]",5,2109.037291579665,2076.3954935279053,2141.679089631425,0.13168224672731543,-0.27587536875267726,0.5392398622073081
"[100, 1, 20, 20]","[0.8, 1.4, 1.9, 2.3, 1.7, 1.2, 0.8, 0.0, 0.0, 0.0, 0.0, 0.0, 0.0, 0.0]",0,1306.2500292408895,1277.3141269297018,1335.1859315520771,0.0,0.0,0.0
"[100, 1, 20, 20]","[0.8, 1.4, 1.9, 2.3, 1.7, 1.2, 0.8, 0.0, 0.0, 0.0, 0.0, 0.0, 0.0, 0.0]",1,1013.6484653213048,999.3357307641783,1027.9611998784312,21.76607744889256,20.30259654350257,23.22955835428255
"[100, 1, 20, 20]","[0.8, 1.4, 1.9, 2.3, 1.7, 1.2, 0.8, 0.0, 0.0, 0.0, 0.0, 0.0, 0.0, 0.0]",2,955.1663894396988,941.3242961752454,969.0084827041522,26.36229792532684,25.153473711744187,27.57112213890949
"[100, 1, 20, 20]","[0.8, 1.4, 1.9, 2.3, 1.7, 1.2, 0.8, 0.0, 0.0, 0.0, 0.0, 0.0, 0.0, 0.0]",3,933.3717398390114,920.3940224814689,946.3494571965539,28.050641185838803,26.922289004854164,29.17899336682344
"[100, 1, 20, 20]","[0.8, 1.4, 1.9, 2.3, 1.7, 1.2, 0.8, 0.0, 0.0, 0.0, 0.0, 0.0, 0.0, 0.0]",4,927.1149836922601,914.095949539742,940.1340178447782,28.55118051904425,27.468455766510814,29.63390527157769
"[100, 1, 20, 20]","[0.8, 1.4, 1.9, 2.3, 1.7, 1.2, 0.8, 0.0, 0.0, 0.0, 0.0, 0.0, 0.0, 0.0]",5,927.7580189882597,914.9443492057484,940.571688770771,28.50631427140324,27.448573475138765,29.564055067667717
"[100, 1, 20, 20]","[0.8, 1.4, 1.9, 2.3, 1.7, 1.2, 0.8, -0.03, -0.04, -0.05, -0.06, -0.07, -0.08, -0.09]",0,1391.657203364389,1361.2516022599548,1422.0628044688233,0.0,0.0,0.0
"[100, 1, 20, 20]","[0.8, 1.4, 1.9, 2.3, 1.7, 1.2, 0.8, -0.03, -0.04, -0.05, -0.06, -0.07, -0.08, -0.09]",1,1086.7394155565153,1072.002931317049,1101.4758997959816,21.246875314829712,19.676163178686295,22.81758745097313
"[100, 1, 20, 20]","[0.8, 1.4, 1.9, 2.3, 1.7, 1.2, 0.8, -0.03, -0.04, -0.05, -0.06, -0.07, -0.08, -0.09]",2,1009.9920455722564,995.4080134037246,1024.5760777407882,26.979481708867052,25.884154876328555,28.07480854140555
"[100, 1, 20, 20]","[0.8, 1.4, 1.9, 2.3, 1.7, 1.2, 0.8, -0.03, -0.04, -0.05, -0.06, -0.07, -0.08, -0.09]",3,988.3479607048192,974.0367039510647,1002.6592174585737,28.541324298216338,27.458534578647384,29.624114017785292
"[100, 1, 20, 20]","[0.8, 1.4, 1.9, 2.3, 1.7, 1.2, 0.8, -0.03, -0.04, -0.05, -0.06, -0.07, -0.08, -0.09]",4,983.7041237866466,968.1648933393429,999.2433542339503,28.92971925290166,27.898058866843947,29.96137963895937
"[100, 1, 20, 20]","[0.8, 1.4, 1.9, 2.3, 1.7, 1.2, 0.8, -0.03, -0.04, -0.05, -0.06, -0.07, -0.08, -0.09]",5,979.7406909934393,964.0088043905487,995.47257759633,29.24007405597854,28.263467343467056,30.216680768490022
"[100, 1, 20, 20]","[0.8, 1.4, 1.9, 2.3, 1.7, 1.2, 0.8, -0.06, -0.08, -0.1, -0.12, -0.14, -0.16, -0.18]",0,1431.325262959586,1400.434866788055,1462.2156591311173,0.0,0.0,0.0
"[100, 1, 20, 20]","[0.8, 1.4, 1.9, 2.3, 1.7, 1.2, 0.8, -0.06, -0.08, -0.1, -0.12, -0.14, -0.16, -0.18]",1,1182.9975692730832,1166.660272554059,1199.3348659921073,16.681053030017516,15.07644925938735,18.285656800647683
"[100, 1, 20, 20]","[0.8, 1.4, 1.9, 2.3, 1.7, 1.2, 0.8, -0.06, -0.08, -0.1, -0.12, -0.14, -0.16, -0.18]",2,1125.4705809501766,1107.0713099019933,1143.8698519983598,20.93331056915365,19.66993616549788,22.19668497280942
"[100, 1, 20, 20]","[0.8, 1.4, 1.9, 2.3, 1.7, 1.2, 0.8, -0.06, -0.08, -0.1, -0.12, -0.14, -0.16, -0.18]",3,1109.235188674185,1091.418982757103,1127.0513945912671,22.057754029664324,20.803563111645815,23.311944947682832
"[100, 1, 20, 20]","[0.8, 1.4, 1.9, 2.3, 1.7, 1.2, 0.8, -0.06, -0.08, -0.1, -0.12, -0.14, -0.16, -0.18]",4,1105.0513677850256,1086.8005549326379,1123.3021806374134,22.3845414664181,21.196537572606235,23.572545360229963
"[100, 1, 20, 20]","[0.8, 1.4, 1.9, 2.3, 1.7, 1.2, 0.8, -0.06, -0.08, -0.1, -0.12, -0.14, -0.16, -0.18]",5,1102.152033474249,1083.5882903053446,1120.7157766431535,22.600473724927166,21.41870804653214,23.782239403322194
"[100, 1, 20, 20]","[0.8, 1.4, 1.9, 2.3, 1.7, 1.2, 0.8, -0.12, -0.16, -0.2, -0.24, -0.28, -0.32, -0.36]",0,1625.31355729895,1590.4020784982588,1660.225036099641,0.0,0.0,0.0
"[100, 1, 20, 20]","[0.8, 1.4, 1.9, 2.3, 1.7, 1.2, 0.8, -0.12, -0.16, -0.2, -0.24, -0.28, -0.32, -0.36]",1,1462.088408459242,1441.1801877136622,1482.9966292048216,9.408310923444468,7.845141673459645,10.97148017342929
"[100, 1, 20, 20]","[0.8, 1.4, 1.9, 2.3, 1.7, 1.2, 0.8, -0.12, -0.16, -0.2, -0.24, -0.28, -0.32, -0.36]",2,1390.2894382651064,1368.9366821540139,1411.6421943761989,13.924191309969496,12.527938068104046,15.320444551834946
"[100, 1, 20, 20]","[0.8, 1.4, 1.9, 2.3, 1.7, 1.2, 0.8, -0.12, -0.16, -0.2, -0.24, -0.28, -0.32, -0.36]",3,1375.839966952263,1355.250606432664,1396.429327471862,14.819768420078518,13.419464597933787,16.22007224222325
"[100, 1, 20, 20]","[0.8, 1.4, 1.9, 2.3, 1.7, 1.2, 0.8, -0.12, -0.16, -0.2, -0.24, -0.28, -0.32, -0.36]",4,1374.7964812783362,1353.24577580148,1396.3471867551923,14.896031060119956,13.473040152804106,16.319021967435805
"[100, 1, 20, 20]","[0.8, 1.4, 1.9, 2.3, 1.7, 1.2, 0.8, -0.12, -0.16, -0.2, -0.24, -0.28, -0.32, -0.36]",5,1381.094727921258,1360.3809083439724,1401.8085474985437,14.48304863297056,13.047393829665605,15.918703436275514
"[100, 1, 20, 20]","[0.8, 1.4, 1.9, 2.3, 1.7, 1.2, 0.8, -0.24, -0.32, -0.4, -0.48, -0.56, -0.64, -0.72]",0,1909.2268045324672,1873.155617842379,1945.2979912225555,0.0,0.0,0.0
"[100, 1, 20, 20]","[0.8, 1.4, 1.9, 2.3, 1.7, 1.2, 0.8, -0.24, -0.32, -0.4, -0.48, -0.56, -0.64, -0.72]",1,1935.2256696108902,1904.8323285554084,1965.619010666372,-1.8366348634376217,-3.481720822286662,-0.1915489045885812
"[100, 1, 20, 20]","[0.8, 1.4, 1.9, 2.3, 1.7, 1.2, 0.8, -0.24, -0.32, -0.4, -0.48, -0.56, -0.64, -0.72]",2,1953.7475286264798,1923.323830791242,1984.1712264617177,-2.825401744175789,-4.499879149565148,-1.1509243387864303
"[100, 1, 20, 20]","[0.8, 1.4, 1.9, 2.3, 1.7, 1.2, 0.8, -0.24, -0.32, -0.4, -0.48, -0.56, -0.64, -0.72]",3,1973.5948773695004,1943.2569275477856,2003.9328271912152,-3.8716108486355214,-5.552385425383414,-2.190836271887629
"[100, 1, 20, 20]","[0.8, 1.4, 1.9, 2.3, 1.7, 1.2, 0.8, -0.24, -0.32, -0.4, -0.48, -0.56, -0.64, -0.72]",4,1969.1710965514137,1939.7278467602064,1998.614346342621,-3.6258091472173946,-5.2190719995179915,-2.0325462949167976
"[100, 1, 20, 20]","[0.8, 1.4, 1.9, 2.3, 1.7, 1.2, 0.8, -0.24, -0.32, -0.4, -0.48, -0.56, -0.64, -0.72]",5,1942.013989812124,1914.1193425399072,1969.9086370843409,-2.154144123887415,-3.5551847055856047,-0.7531035421892252
"[100, 1, 20, 20]","[0.8, 1.4, 1.9, 2.3, 1.7, 1.2, 0.8, -0.48, -0.64, -0.8, -0.96, -1.12, -1.28, -1.44]",0,2186.7019985338748,2148.064353157794,2225.3396439099556,0.0,0.0,0.0
"[100, 1, 20, 20]","[0.8, 1.4, 1.9, 2.3, 1.7, 1.2, 0.8, -0.48, -0.64, -0.8, -0.96, -1.12, -1.28, -1.44]",1,2186.9276437627127,2148.298167897216,2225.5571196282094,-0.010538348654726143,-0.030659401913945963,0.00958270460449368
"[100, 1, 20, 20]","[0.8, 1.4, 1.9, 2.3, 1.7, 1.2, 0.8, -0.48, -0.64, -0.8, -0.96, -1.12, -1.28, -1.44]",2,2186.7019985338748,2148.064353157794,2225.3396439099556,0.0,0.0,0.0
"[100, 1, 20, 20]","[0.8, 1.4, 1.9, 2.3, 1.7, 1.2, 0.8, -0.48, -0.64, -0.8, -0.96, -1.12, -1.28, -1.44]",3,2186.7019985338748,2148.064353157794,2225.3396439099556,0.0,0.0,0.0
"[100, 1, 20, 20]","[0.8, 1.4, 1.9, 2.3, 1.7, 1.2, 0.8, -0.48, -0.64, -0.8, -0.96, -1.12, -1.28, -1.44]",4,2186.7019985338748,2148.064353157794,2225.3396439099556,0.0,0.0,0.0
"[100, 1, 20, 20]","[0.8, 1.4, 1.9, 2.3, 1.7, 1.2, 0.8, -0.48, -0.64, -0.8, -0.96, -1.12, -1.28, -1.44]",5,2186.7019985338748,2148.064353157794,2225.3396439099556,0.0,0.0,0.0
"[100, 1, 20, 80]","[0.8, 1.4, 1.9, 2.3, 1.7, 1.2, 0.8, 0.0, 0.0, 0.0, 0.0, 0.0, 0.0, 0.0]",0,1312.122189131931,1282.9004697111861,1341.3439085526759,0.0,0.0,0.0
"[100, 1, 20, 80]","[0.8, 1.4, 1.9, 2.3, 1.7, 1.2, 0.8, 0.0, 0.0, 0.0, 0.0, 0.0, 0.0, 0.0]",1,1078.2302483173728,1055.1834516836575,1101.277044951088,17.1112976854026,14.963279586966149,19.259315783839053
"[100, 1, 20, 80]","[0.8, 1.4, 1.9, 2.3, 1.7, 1.2, 0.8, 0.0, 0.0, 0.0, 0.0, 0.0, 0.0, 0.0]",2,1011.5101886157556,994.2575265533599,1028.7628506781514,22.334262240961802,20.77080372695202,23.897720754971584
"[100, 1, 20, 80]","[0.8, 1.4, 1.9, 2.3, 1.7, 1.2, 0.8, 0.0, 0.0, 0.0, 0.0, 0.0, 0.0, 0.0]",3,1001.1072772840395,983.663866327488,1018.550688240591,23.133670192527028,21.55921785692376,24.708122528130296
"[100, 1, 20, 80]","[0.8, 1.4, 1.9, 2.3, 1.7, 1.2, 0.8, 0.0, 0.0, 0.0, 0.0, 0.0, 0.0, 0.0]",4,1001.4215610019232,983.7708197060253,1019.0723022978211,23.153439345289442,21.659508114639692,24.647370575939192
"[100, 1, 20, 80]","[0.8, 1.4, 1.9, 2.3, 1.7, 1.2, 0.8, 0.0, 0.0, 0.0, 0.0, 0.0, 0.0, 0.0]",5,996.6650819720171,979.1923196802798,1014.1378442637545,23.491038295942452,21.973625662494815,25.00845092939009
"[100, 1, 20, 80]","[0.8, 1.4, 1.9, 2.3, 1.7, 1.2, 0.8, -0.03, -0.04, -0.05, -0.06, -0.07, -0.08, -0.09]",0,1496.1487860387988,1463.5337815809478,1528.7637904966498,0.0,0.0,0.0
"[100, 1, 20, 80]","[0.8, 1.4, 1.9, 2.3, 1.7, 1.2, 0.8, -0.03, -0.04, -0.05, -0.06, -0.07, -0.08, -0.09]",1,1228.2210225949357,1199.0611947904465,1257.3808503994248,17.021232234896,14.336118954437428,19.706345515354574
"[100, 1, 20, 80]","[0.8, 1.4, 1.9, 2.3, 1.7, 1.2, 0.8, -0.03, -0.04, -0.05, -0.06, -0.07, -0.08, -0.09]",2,1149.8150157555465,1124.4554943351034,1175.1745371759896,22.509189348542403,20.351689979672237,24.66668871741257
"[100, 1, 20, 80]","[0.8, 1.4, 1.9, 2.3, 1.7, 1.2, 0.8, -0.03, -0.04, -0.05, -0.06, -0.07, -0.08, -0.09]",3,1127.5636334051871,1105.2644506165982,1149.862816193776,24.140063420688453,22.503443879915473,25.776682961461432
"[100, 1, 20, 80]","[0.8, 1.4, 1.9, 2.3, 1.7, 1.2, 0.8, -0.03, -0.04, -0.05, -0.06, -0.07, -0.08, -0.09]",4,1118.4179004985592,1096.9186844468074,1139.917116550311,24.77990894070962,23.26400996233597,26.295807919083273
"[100, 1, 20, 80]","[0.8, 1.4, 1.9, 2.3, 1.7, 1.2, 0.8, -0.03, -0.04, -0.05, -0.06, -0.07, -0.08, -0.09]",5,1114.9628949239072,1093.306697141853,1136.6190927059615,25.032999917955227,23.541143767967963,26.52485606794249
"[100, 1, 20, 80]","[0.8, 1.4, 1.9, 2.3, 1.7, 1.2, 0.8, -0.06, -0.08, -0.1, -0.12, -0.14, -0.16, -0.18]",0,1576.8272456681852,1542.499875928496,1611.1546154078744,0.0,0.0,0.0
"[100, 1, 20, 80]","[0.8, 1.4, 1.9, 2.3, 1.7, 1.2, 0.8, -0.06, -0.08, -0.1, -0.12, -0.14, -0.16, -0.18]",1,1362.574096992195,1334.7622501710207,1390.3859438133695,12.726128344730466,10.28111497634474,15.17114171311619
"[100, 1, 20, 80]","[0.8, 1.4, 1.9, 2.3, 1.7, 1.2, 0.8, -0.06, -0.08, -0.1, -0.12, -0.14, -0.16, -0.18]",2,1282.8703624408502,1257.562869837593,1308.1778550441072,18.055999948600828,16.18546214842071,19.926537748780945
"[100, 1, 20, 80]","[0.8, 1.4, 1.9, 2.3, 1.7, 1.2, 0.8, -0.06, -0.08, -0.1, -0.12, -0.14, -0.16, -0.18]",3,1273.0843586274668,1248.3185673926866,1297.850149862247,18.685891144031622,16.850206032070712,20.52157625599253
"[100, 1, 20, 80]","[0.8, 1.4, 1.9, 2.3, 1.7, 1.2, 0.8, -0.06, -0.08, -0.1, -0.12, -0.14, -0.16, -0.18]",4,1267.5073417726978,1242.6237764257526,1292.390907119643,19.044400107461755,17.21598324055803,20.872816974365477
"[100, 1, 20, 80]","[0.8, 1.4, 1.9, 2.3, 1.7, 1.2, 0.8, -0.06, -0.08, -0.1, -0.12, -0.14, -0.16, -0.18]",5,1265.5388684171714,1240.5480939092658,1290.529642925077,19.177238814182214,17.346121909221093,21.008355719143335
"[100, 1, 20, 80]","[0.8, 1.4, 1.9, 2.3, 1.7, 1.2, 0.8, -0.12, -0.16, -0.2, -0.24, -0.28, -0.32, -0.36]",0,1690.5504797845642,1654.0311156267621,1727.0698439423663,0.0,0.0,0.0
"[100, 1, 20, 80]","[0.8, 1.4, 1.9, 2.3, 1.7, 1.2, 0.8, -0.12, -0.16, -0.2, -0.24, -0.28, -0.32, -0.36]",1,1659.0003467626009,1622.2907119907472,1695.7099815344545,1.0822690664540173,-1.4881141191290717,3.6526522520371065
"[100, 1, 20, 80]","[0.8, 1.4, 1.9, 2.3, 1.7, 1.2, 0.8, -0.12, -0.16, -0.2, -0.24, -0.28, -0.32, -0.36]",2,1564.1007921442686,1533.2633282247257,1594.9382560638114,6.723562837109887,4.441396882382526,9.005728791837246
"[100, 1, 20, 80]","[0.8, 1.4, 1.9, 2.3, 1.7, 1.2, 0.8, -0.12, -0.16, -0.2, -0.24, -0.28, -0.32, -0.36]",3,1555.0724684179722,1524.6207709828695,1585.524165853075,7.361746920320839,5.27199465897936,9.451499181662317
"[100, 1, 20, 80]","[0.8, 1.4, 1.9, 2.3, 1.7, 1.2, 0.8, -0.12, -0.16, -0.2, -0.24, -0.28, -0.32, -0.36]",4,1551.4933552676891,1521.897738014988,1581.0889725203904,7.657569867630115,5.817682975054318,9.497456760205912
"[100, 1, 20, 80]","[0.8, 1.4, 1.9, 2.3, 1.7, 1.2, 0.8, -0.12, -0.16, -0.2, -0.24, -0.28, -0.32, -0.36]",5,1548.9220531557396,1519.4560738318407,1578.3880324796385,7.825558454314032,6.029354992132898,9.621761916495165
"[100, 1, 20, 80]","[0.8, 1.4, 1.9, 2.3, 1.7, 1.2, 0.8, -0.24, -0.32, -0.4, -0.48, -0.56, -0.64, -0.72]",0,2167.850191337621,2121.945357940375,2213.7550247348668,0.0,0.0,0.0
"[100, 1, 20, 80]","[0.8, 1.4, 1.9, 2.3, 1.7, 1.2, 0.8, -0.24, -0.32, -0.4, -0.48, -0.56, -0.64, -0.72]",1,2443.1149165293978,2384.961751435025,2501.2680816237707,-13.271997535772536,-15.924363772731976,-10.619631298813097
"[100, 1, 20, 80]","[0.8, 1.4, 1.9, 2.3, 1.7, 1.2, 0.8, -0.24, -0.32, -0.4, -0.48, -0.56, -0.64, -0.72]",2,2431.767816677961,2369.496009361462,2494.0396239944603,-12.5419239469083,-15.011512546538412,-10.072335347278187
"[100, 1, 20, 80]","[0.8, 1.4, 1.9, 2.3, 1.7, 1.2, 0.8, -0.24, -0.32, -0.4, -0.48, -0.56, -0.64, -0.72]",3,2402.679943262315,2343.6375990288493,2461.722287495781,-11.248657782905218,-13.654974691140527,-8.842340874669908
"[100, 1, 20, 80]","[0.8, 1.4, 1.9, 2.3, 1.7, 1.2, 0.8, -0.24, -0.32, -0.4, -0.48, -0.56, -0.64, -0.72]",4,2399.4632654459647,2341.0710998738605,2457.855431018069,-11.120820020792467,-13.5387624169817,-8.702877624603234
"[100, 1, 20, 80]","[0.8, 1.4, 1.9, 2.3, 1.7, 1.2, 0.8, -0.24, -0.32, -0.4, -0.48, -0.56, -0.64, -0.72]",5,2395.4288801772036,2336.880208421373,2453.977551933034,-10.877686392031597,-13.192844549897906,-8.562528234165288
"[100, 1, 20, 80]","[0.8, 1.4, 1.9, 2.3, 1.7, 1.2, 0.8, -0.48, -0.64, -0.8, -0.96, -1.12, -1.28, -1.44]",0,2205.5954104673324,2164.268935840284,2246.9218850943807,0.0,0.0,0.0
"[100, 1, 20, 80]","[0.8, 1.4, 1.9, 2.3, 1.7, 1.2, 0.8, -0.48, -0.64, -0.8, -0.96, -1.12, -1.28, -1.44]",1,2205.5954104673324,2164.268935840284,2246.9218850943807,0.0,0.0,0.0
"[100, 1, 20, 80]","[0.8, 1.4, 1.9, 2.3, 1.7, 1.2, 0.8, -0.48, -0.64, -0.8, -0.96, -1.12, -1.28, -1.44]",2,2205.5954104673324,2164.268935840284,2246.9218850943807,0.0,0.0,0.0
"[100, 1, 20, 80]","[0.8, 1.4, 1.9, 2.3, 1.7, 1.2, 0.8, -0.48, -0.64, -0.8, -0.96, -1.12, -1.28, -1.44]",3,2205.5954104673324,2164.268935840284,2246.9218850943807,0.0,0.0,0.0
"[100, 1, 20, 80]","[0.8, 1.4, 1.9, 2.3, 1.7, 1.2, 0.8, -0.48, -0.64, -0.8, -0.96, -1.12, -1.28, -1.44]",4,2205.5954104673324,2164.268935840284,2246.9218850943807,0.0,0.0,0.0
"[100, 1, 20, 80]","[0.8, 1.4, 1.9, 2.3, 1.7, 1.2, 0.8, -0.48, -0.64, -0.8, -0.96, -1.12, -1.28, -1.44]",5,2205.5954104673324,2164.268935840284,2246.9218850943807,0.0,0.0,0.0
