Cost,Endogeneity,day,Approximation,RMSE,MAPE,R2
"[10, 1, 20, 5]","[1, 0.5, -0.4, -0.8]",Mon,x1,6.759731943920567,0.8211414373265589,0.8391718950545928
"[10, 1, 20, 5]","[1, 0.5, -0.4, -0.8]",Mon,x1^2,3.1429855082611775,0.3537030401278876,0.9652313560223499
"[10, 1, 20, 5]","[1, 0.5, -0.4, -0.8]",Mon,x1^3,2.928780296223434,0.31828102529127394,0.9698090635471536
"[10, 1, 20, 5]","[1, 0.5, -0.4, -0.8]",Mon,x1x2,1.7821387922687,0.22010179026522397,0.9888214353402986
"[10, 1, 20, 5]","[1, 0.5, -0.4, -0.8]",Tue,x1,6.528228399395825,0.8152308045158161,0.8191284947466981
"[10, 1, 20, 5]","[1, 0.5, -0.4, -0.8]",Tue,x1^2,2.465013812395606,0.2710241591006453,0.9742119688391673
"[10, 1, 20, 5]","[1, 0.5, -0.4, -0.8]",Tue,x1^3,2.362440877565218,0.2607505560562638,0.97631347399604
"[10, 1, 20, 5]","[1, 0.5, -0.4, -0.8]",Tue,x1x2,1.4877926967527548,0.18388312405138754,0.9906057023329292
"[10, 1, 20, 5]","[1, 0.5, -0.4, -0.8]",Wed,x1,6.786052783494103,0.8435945084457899,0.8094267023485844
"[10, 1, 20, 5]","[1, 0.5, -0.4, -0.8]",Wed,x1^2,2.8582308474450406,0.3196359509080359,0.9661917892992593
"[10, 1, 20, 5]","[1, 0.5, -0.4, -0.8]",Wed,x1^3,2.749404509490848,0.30514230729949077,0.9687172543505358
"[10, 1, 20, 5]","[1, 0.5, -0.4, -0.8]",Wed,x1x2,1.725969981501898,0.2132014185407097,0.9876719593298577
"[10, 1, 20, 5]","[1, 0.5, -0.4, -0.8]",Thu,x1,6.400382042432373,0.7939835091911142,0.8499929019707164
"[10, 1, 20, 5]","[1, 0.5, -0.4, -0.8]",Thu,x1^2,2.499977266007415,0.28826947959998367,0.9771138820379326
"[10, 1, 20, 5]","[1, 0.5, -0.4, -0.8]",Thu,x1^3,2.3272869658142024,0.2648724286541865,0.9801664759197816
"[10, 1, 20, 5]","[1, 0.5, -0.4, -0.8]",Thu,x1x2,1.8054595887007516,0.22425324329013552,0.9880635397080572
"[10, 1, 20, 5]","[1, 0.5, -0.4, -0.8]",Fri,x1,7.123285575614999,0.896145077808115,0.807855895149569
"[10, 1, 20, 5]","[1, 0.5, -0.4, -0.8]",Fri,x1^2,3.7976622357782883,0.4379171446545203,0.9453866238733982
"[10, 1, 20, 5]","[1, 0.5, -0.4, -0.8]",Fri,x1^3,3.302441960968418,0.36520964073813733,0.958701265819583
"[10, 1, 20, 5]","[1, 0.5, -0.4, -0.8]",Fri,x1x2,2.5777876112021416,0.3228127011031505,0.9748371043113312
"[10, 1, 20, 5]","[1, 0.5, -0.4, -0.8]",Sat,x1,6.525369944945337,0.7996024482032361,0.9150370123536112
"[10, 1, 20, 5]","[1, 0.5, -0.4, -0.8]",Sat,x1^2,2.4194865539519106,0.2795864162224357,0.9883193792119014
"[10, 1, 20, 5]","[1, 0.5, -0.4, -0.8]",Sat,x1^3,2.137294804339771,0.24957525910065054,0.9908851744932803
"[10, 1, 20, 5]","[1, 0.5, -0.4, -0.8]",Sat,x1x2,2.3641643169795192,0.28200984035603477,0.9888474336624091
"[10, 1, 20, 5]","[1, 0.5, -0.4, -0.8]",Sun,x1,5.864799071645847,0.672743808350267,0.9228441737038147
"[10, 1, 20, 5]","[1, 0.5, -0.4, -0.8]",Sun,x1^2,2.231611464461491,0.26310889204654125,0.988828805357289
"[10, 1, 20, 5]","[1, 0.5, -0.4, -0.8]",Sun,x1^3,1.854224917533708,0.20586541006685563,0.9922876402923113
"[10, 1, 20, 5]","[1, 0.5, -0.4, -0.8]",Sun,x1x2,2.0687532814568113,0.2487413802061023,0.9903998094959682
"[10, 1, 20, 5]","[1, 0.5, -0.2, -0.4]",Mon,x1,5.7441840296384115,0.8381275859144216,0.8664707282079952
"[10, 1, 20, 5]","[1, 0.5, -0.2, -0.4]",Mon,x1^2,2.6346688504447657,0.3593477842848763,0.9719086983159886
"[10, 1, 20, 5]","[1, 0.5, -0.2, -0.4]",Mon,x1^3,2.4373858411696214,0.31812038733930803,0.9759581237090509
"[10, 1, 20, 5]","[1, 0.5, -0.2, -0.4]",Mon,x1x2,1.5725248919639465,0.23436835137273168,0.9899927477358703
"[10, 1, 20, 5]","[1, 0.5, -0.2, -0.4]",Tue,x1,5.538593140475682,0.8306149189218771,0.8485433480282841
"[10, 1, 20, 5]","[1, 0.5, -0.2, -0.4]",Tue,x1^2,1.9882223878100536,0.26831362555287114,0.9804827176569851
"[10, 1, 20, 5]","[1, 0.5, -0.2, -0.4]",Tue,x1^3,1.8658587349955953,0.2488931326990299,0.9828111451046182
"[10, 1, 20, 5]","[1, 0.5, -0.2, -0.4]",Tue,x1x2,1.2399913716515913,0.18367646021916648,0.9924085147649305
"[10, 1, 20, 5]","[1, 0.5, -0.2, -0.4]",Wed,x1,5.772381552868588,0.8584050145623754,0.8430793454319024
"[10, 1, 20, 5]","[1, 0.5, -0.2, -0.4]",Wed,x1^2,2.420090820194371,0.3312893730859697,0.972417515713326
"[10, 1, 20, 5]","[1, 0.5, -0.2, -0.4]",Wed,x1^3,2.3032397490098035,0.30991059607635274,0.9750167838928432
"[10, 1, 20, 5]","[1, 0.5, -0.2, -0.4]",Wed,x1x2,1.5457283862127076,0.23204895530641287,0.9887478266089492
"[10, 1, 20, 5]","[1, 0.5, -0.2, -0.4]",Thu,x1,5.449545008876222,0.8082382223334393,0.8813502437124937
"[10, 1, 20, 5]","[1, 0.5, -0.2, -0.4]",Thu,x1^2,2.0985569356651155,0.2983694056173295,0.9824050565335335
"[10, 1, 20, 5]","[1, 0.5, -0.2, -0.4]",Thu,x1^3,1.9029293679167596,0.2599950825446006,0.9855325596623149
"[10, 1, 20, 5]","[1, 0.5, -0.2, -0.4]",Thu,x1x2,1.615143680339341,0.2375250361826588,0.989577577182033
"[10, 1, 20, 5]","[1, 0.5, -0.2, -0.4]",Fri,x1,6.294479175580254,0.956722609086463,0.8511858277627933
"[10, 1, 20, 5]","[1, 0.5, -0.2, -0.4]",Fri,x1^2,3.20093750412873,0.45212361532204065,0.9615160997104784
"[10, 1, 20, 5]","[1, 0.5, -0.2, -0.4]",Fri,x1^3,2.8308325101212866,0.38316059224832455,0.9699009325717688
"[10, 1, 20, 5]","[1, 0.5, -0.2, -0.4]",Fri,x1x2,2.3640796871883203,0.35209795833670116,0.9790082370382687
"[10, 1, 20, 5]","[1, 0.5, -0.2, -0.4]",Sat,x1,5.680778097961227,0.8270660187091118,0.9356719341604537
"[10, 1, 20, 5]","[1, 0.5, -0.2, -0.4]",Sat,x1^2,2.1436041111573827,0.30144885868568394,0.9908404527838816
"[10, 1, 20, 5]","[1, 0.5, -0.2, -0.4]",Sat,x1^3,1.99585049140383,0.28491010413294254,0.992059627918264
"[10, 1, 20, 5]","[1, 0.5, -0.2, -0.4]",Sat,x1x2,2.0863485492672758,0.2977739056791586,0.9913232202900744
"[10, 1, 20, 5]","[1, 0.5, -0.2, -0.4]",Sun,x1,4.8414919588190175,0.6599136074123867,0.9442178837276963
"[10, 1, 20, 5]","[1, 0.5, -0.2, -0.4]",Sun,x1^2,1.8891385789617232,0.27184429070204397,0.9915069400253186
"[10, 1, 20, 5]","[1, 0.5, -0.2, -0.4]",Sun,x1^3,1.5035631485493208,0.20080847270314886,0.9946200293975438
"[10, 1, 20, 5]","[1, 0.5, -0.2, -0.4]",Sun,x1x2,1.7677657602058838,0.25805710382411273,0.9925632018764561
"[10, 1, 20, 5]","[1, 0.5, 0.0, 0.0]",Mon,x1,4.540327079690788,0.8735888611737921,0.9107500408414368
"[10, 1, 20, 5]","[1, 0.5, 0.0, 0.0]",Mon,x1^2,2.3316439491889636,0.45035608122630827,0.9764626149817084
"[10, 1, 20, 5]","[1, 0.5, 0.0, 0.0]",Mon,x1^3,2.0832627178877474,0.37170039088993445,0.9812102141874002
"[10, 1, 20, 5]","[1, 0.5, 0.0, 0.0]",Mon,x1x2,1.8355310345867395,0.35685588562355813,0.9854132946743402
"[10, 1, 20, 5]","[1, 0.5, 0.0, 0.0]",Tue,x1,4.343728142598779,0.8497831689489412,0.8967458589110554
"[10, 1, 20, 5]","[1, 0.5, 0.0, 0.0]",Tue,x1^2,2.0361667408400153,0.3761222922856534,0.9773113380785503
"[10, 1, 20, 5]","[1, 0.5, 0.0, 0.0]",Tue,x1^3,1.874231855809462,0.3447316866246407,0.9807766605182763
"[10, 1, 20, 5]","[1, 0.5, 0.0, 0.0]",Tue,x1x2,1.5371092157118587,0.2905399846184366,0.9870702044429676
"[10, 1, 20, 5]","[1, 0.5, 0.0, 0.0]",Wed,x1,4.647185098556848,0.9089246365942817,0.8958664020666885
"[10, 1, 20, 5]","[1, 0.5, 0.0, 0.0]",Wed,x1^2,1.9624312632551102,0.38019394313817584,0.9814305158202479
"[10, 1, 20, 5]","[1, 0.5, 0.0, 0.0]",Wed,x1^3,1.7864738287238362,0.33386766196660467,0.9846112179482767
"[10, 1, 20, 5]","[1, 0.5, 0.0, 0.0]",Wed,x1x2,1.7060300933822423,0.3360168417404412,0.9859659083797061
"[10, 1, 20, 5]","[1, 0.5, 0.0, 0.0]",Thu,x1,4.390050902720415,0.8469011050603246,0.9186952168991837
"[10, 1, 20, 5]","[1, 0.5, 0.0, 0.0]",Thu,x1^2,2.0026698702122703,0.37487617734174317,0.9830801810448397
"[10, 1, 20, 5]","[1, 0.5, 0.0, 0.0]",Thu,x1^3,1.7898141183548566,0.3238689659636181,0.9864857221762194
"[10, 1, 20, 5]","[1, 0.5, 0.0, 0.0]",Thu,x1x2,1.5982668523685977,0.3097159562507974,0.9892235537151879
"[10, 1, 20, 5]","[1, 0.5, 0.0, 0.0]",Fri,x1,5.127208544181838,1.0289662253663232,0.9054777740613559
"[10, 1, 20, 5]","[1, 0.5, 0.0, 0.0]",Fri,x1^2,2.656930745878127,0.49895008133149144,0.9746176139725475
"[10, 1, 20, 5]","[1, 0.5, 0.0, 0.0]",Fri,x1^3,2.522939234091487,0.4591933359801496,0.9771131745799695
"[10, 1, 20, 5]","[1, 0.5, 0.0, 0.0]",Fri,x1x2,2.2495397250368097,0.43838994941752263,0.9818046962704926
"[10, 1, 20, 5]","[1, 0.5, 0.0, 0.0]",Sat,x1,5.43542547227253,1.0369327664432646,0.9419073448303277
"[10, 1, 20, 5]","[1, 0.5, 0.0, 0.0]",Sat,x1^2,2.101862163625907,0.3971178984459388,0.9913131444308897
"[10, 1, 20, 5]","[1, 0.5, 0.0, 0.0]",Sat,x1^3,2.031533718712248,0.39331173948757936,0.9918847443426696
"[10, 1, 20, 5]","[1, 0.5, 0.0, 0.0]",Sat,x1x2,2.0645820241922457,0.38607592680421465,0.9916185642619983
"[10, 1, 20, 5]","[1, 0.5, 0.0, 0.0]",Sun,x1,3.8134002691963156,0.6806794940820283,0.9643140243368704
"[10, 1, 20, 5]","[1, 0.5, 0.0, 0.0]",Sun,x1^2,2.302433936136617,0.44859424966625755,0.9869909032134039
"[10, 1, 20, 5]","[1, 0.5, 0.0, 0.0]",Sun,x1^3,1.68444896552309,0.305546304260821,0.9930371265139187
"[10, 1, 20, 5]","[1, 0.5, 0.0, 0.0]",Sun,x1x2,2.1915842885887598,0.42402488124952664,0.9882133836985767
"[10, 1, 20, 5]","[1, 0.5, 0.2, 0.4]",Mon,x1,4.229942501248167,0.9308386893543612,0.9258612912710298
"[10, 1, 20, 5]","[1, 0.5, 0.2, 0.4]",Mon,x1^2,1.6433602984982454,0.34611722123415584,0.9888097015030246
"[10, 1, 20, 5]","[1, 0.5, 0.2, 0.4]",Mon,x1^3,1.4408453888028807,0.2983986627138568,0.9913977739316624
"[10, 1, 20, 5]","[1, 0.5, 0.2, 0.4]",Mon,x1x2,1.21516501815065,0.2656213651180483,0.9938814768557208
"[10, 1, 20, 5]","[1, 0.5, 0.2, 0.4]",Tue,x1,4.367555989321911,0.986515065071623,0.9001521644207511
"[10, 1, 20, 5]","[1, 0.5, 0.2, 0.4]",Tue,x1^2,1.6348642491131122,0.33869123309518856,0.9860097625185535
"[10, 1, 20, 5]","[1, 0.5, 0.2, 0.4]",Tue,x1^3,1.4722681936974975,0.301919208054742,0.9886541887950379
"[10, 1, 20, 5]","[1, 0.5, 0.2, 0.4]",Tue,x1x2,1.0502351594304098,0.2178864645893942,0.994226558101627
"[10, 1, 20, 5]","[1, 0.5, 0.2, 0.4]",Wed,x1,4.4882357151209025,1.000216374244655,0.9065356486413085
"[10, 1, 20, 5]","[1, 0.5, 0.2, 0.4]",Wed,x1^2,1.6362798879625935,0.3565141559221193,0.9875774753716767
"[10, 1, 20, 5]","[1, 0.5, 0.2, 0.4]",Wed,x1^3,1.4820098298710211,0.31262127277949386,0.9898094681620446
"[10, 1, 20, 5]","[1, 0.5, 0.2, 0.4]",Wed,x1x2,1.2918224970668,0.2876992570580657,0.9922571585074375
"[10, 1, 20, 5]","[1, 0.5, 0.2, 0.4]",Thu,x1,4.245530086750073,0.9476170691435524,0.9261608328304936
"[10, 1, 20, 5]","[1, 0.5, 0.2, 0.4]",Thu,x1^2,1.6594425687226633,0.3417964199063959,0.9887190052534106
"[10, 1, 20, 5]","[1, 0.5, 0.2, 0.4]",Thu,x1^3,1.469728439257217,0.3025483369001333,0.99115094000621
"[10, 1, 20, 5]","[1, 0.5, 0.2, 0.4]",Thu,x1x2,1.264135501052015,0.2711205933441887,0.9934534845135333
"[10, 1, 20, 5]","[1, 0.5, 0.2, 0.4]",Fri,x1,4.645852590852989,1.030957565410034,0.9250744531094603
"[10, 1, 20, 5]","[1, 0.5, 0.2, 0.4]",Fri,x1^2,2.367984091131121,0.509775918951239,0.9805349003891556
"[10, 1, 20, 5]","[1, 0.5, 0.2, 0.4]",Fri,x1^3,2.211338348842997,0.46115438745605436,0.9830250124345432
"[10, 1, 20, 5]","[1, 0.5, 0.2, 0.4]",Fri,x1x2,1.9180506109510842,0.4348931194319959,0.9872291679061853
"[10, 1, 20, 5]","[1, 0.5, 0.2, 0.4]",Sat,x1,4.3750381379934575,0.9336239738222684,0.9633177775450649
"[10, 1, 20, 5]","[1, 0.5, 0.2, 0.4]",Sat,x1^2,1.7519152991574414,0.3740532081396368,0.9941180928526812
"[10, 1, 20, 5]","[1, 0.5, 0.2, 0.4]",Sat,x1^3,1.6928143636238897,0.3567791555236896,0.9945082516952627
"[10, 1, 20, 5]","[1, 0.5, 0.2, 0.4]",Sat,x1x2,1.7047642284262996,0.3642041700687436,0.9944304436585363
"[10, 1, 20, 5]","[1, 0.5, 0.2, 0.4]",Sun,x1,3.3143539035346685,0.6936073558157027,0.9737313968845804
"[10, 1, 20, 5]","[1, 0.5, 0.2, 0.4]",Sun,x1^2,1.265642193652519,0.2681929440131273,0.996169450240203
"[10, 1, 20, 5]","[1, 0.5, 0.2, 0.4]",Sun,x1^3,1.1016964850245778,0.23775662439428055,0.9970975606970952
"[10, 1, 20, 5]","[1, 0.5, 0.2, 0.4]",Sun,x1x2,1.217561141282665,0.2599959514237066,0.9964549629633486
"[10, 1, 20, 5]","[1, 0.5, 0.4, 0.8]",Mon,x1,4.27361585223748,0.9638765337553377,0.9250341448719357
"[10, 1, 20, 5]","[1, 0.5, 0.4, 0.8]",Mon,x1^2,1.5681639969487815,0.33193345614595626,0.9899061814452871
"[10, 1, 20, 5]","[1, 0.5, 0.4, 0.8]",Mon,x1^3,1.3679282711750906,0.28500977524783244,0.9923193285751679
"[10, 1, 20, 5]","[1, 0.5, 0.4, 0.8]",Mon,x1x2,1.0929587205722886,0.2444832037258576,0.9950967949541419
"[10, 1, 20, 5]","[1, 0.5, 0.4, 0.8]",Tue,x1,4.457774756791982,1.0243868429474878,0.8976481876278125
"[10, 1, 20, 5]","[1, 0.5, 0.4, 0.8]",Tue,x1^2,1.691872133411045,0.3577676603753023,0.9852567112753355
"[10, 1, 20, 5]","[1, 0.5, 0.4, 0.8]",Tue,x1^3,1.5244644199130029,0.31316656593149217,0.9880300074157568
"[10, 1, 20, 5]","[1, 0.5, 0.4, 0.8]",Tue,x1x2,1.019911621897067,0.21759020917787095,0.9946422261619198
"[10, 1, 20, 5]","[1, 0.5, 0.4, 0.8]",Wed,x1,4.532173779205261,1.0288813696553125,0.9061715333577427
"[10, 1, 20, 5]","[1, 0.5, 0.4, 0.8]",Wed,x1^2,1.6438368432646444,0.3569194359872064,0.9876564826603608
"[10, 1, 20, 5]","[1, 0.5, 0.4, 0.8]",Wed,x1^3,1.4967751236976443,0.31547581870393765,0.9897662542138363
"[10, 1, 20, 5]","[1, 0.5, 0.4, 0.8]",Wed,x1x2,1.1906360643621947,0.26992209252976235,0.9935244065106711
"[10, 1, 20, 5]","[1, 0.5, 0.4, 0.8]",Thu,x1,4.3672505214051265,1.0023533856738083,0.9230545107308907
"[10, 1, 20, 5]","[1, 0.5, 0.4, 0.8]",Thu,x1^2,1.6281005485338391,0.3332437812444634,0.9893062654344805
"[10, 1, 20, 5]","[1, 0.5, 0.4, 0.8]",Thu,x1^3,1.4357646444875363,0.29266445369257915,0.9916836364897642
"[10, 1, 20, 5]","[1, 0.5, 0.4, 0.8]",Thu,x1x2,1.1759368232697445,0.2556470196370965,0.9944212752399797
"[10, 1, 20, 5]","[1, 0.5, 0.4, 0.8]",Fri,x1,4.606334220743679,1.0263468286650632,0.9276631991498826
"[10, 1, 20, 5]","[1, 0.5, 0.4, 0.8]",Fri,x1^2,2.3408756179845067,0.5078766497935975,0.981318786553973
"[10, 1, 20, 5]","[1, 0.5, 0.4, 0.8]",Fri,x1^3,2.15338722527488,0.4536175058979496,0.9841914269307588
"[10, 1, 20, 5]","[1, 0.5, 0.4, 0.8]",Fri,x1x2,1.8007828372521866,0.4128549162487323,0.9889446857493175
"[10, 1, 20, 5]","[1, 0.5, 0.4, 0.8]",Sat,x1,4.247698256351633,0.9045153113130369,0.9656892175651947
"[10, 1, 20, 5]","[1, 0.5, 0.4, 0.8]",Sat,x1^2,1.5990376042623373,0.34704948576713673,0.9951377122170723
"[10, 1, 20, 5]","[1, 0.5, 0.4, 0.8]",Sat,x1^3,1.5377724471261254,0.3294489838385742,0.9955031597869005
"[10, 1, 20, 5]","[1, 0.5, 0.4, 0.8]",Sat,x1x2,1.5490897402923114,0.3393930875588574,0.9954367269019787
"[10, 1, 20, 5]","[1, 0.5, 0.4, 0.8]",Sun,x1,3.3306221786165358,0.7103212770444263,0.9736856916646395
"[10, 1, 20, 5]","[1, 0.5, 0.4, 0.8]",Sun,x1^2,1.228753736542513,0.2648566170677193,0.9964184507890586
"[10, 1, 20, 5]","[1, 0.5, 0.4, 0.8]",Sun,x1^3,1.0737930263269087,0.23487675444809228,0.9972648422575893
"[10, 1, 20, 5]","[1, 0.5, 0.4, 0.8]",Sun,x1x2,1.1660920265423906,0.25304035189463125,0.9967744270283346
"[10, 1, 20, 20]","[1, 0.5, -0.4, -0.8]",Mon,x1,22.529673552574554,1.8102639499941446,0.8714683355023072
"[10, 1, 20, 20]","[1, 0.5, -0.4, -0.8]",Mon,x1^2,8.734598785292802,0.6403534996541289,0.9806809282435244
"[10, 1, 20, 20]","[1, 0.5, -0.4, -0.8]",Mon,x1^3,8.016437887565367,0.5631780881661704,0.9837271658707649
"[10, 1, 20, 20]","[1, 0.5, -0.4, -0.8]",Mon,x1x2,4.8577620280143226,0.39030580187920644,0.9940245198876495
"[10, 1, 20, 20]","[1, 0.5, -0.4, -0.8]",Tue,x1,22.469631391096446,1.8254411774707997,0.8397427916877339
"[10, 1, 20, 20]","[1, 0.5, -0.4, -0.8]",Tue,x1^2,8.602626738504933,0.6158730363682262,0.9765097393227595
"[10, 1, 20, 20]","[1, 0.5, -0.4, -0.8]",Tue,x1^3,8.031254670875073,0.5558870455593262,0.979526482112371
"[10, 1, 20, 20]","[1, 0.5, -0.4, -0.8]",Tue,x1x2,4.909270440456804,0.3902406991893498,0.9923500324812418
"[10, 1, 20, 20]","[1, 0.5, -0.4, -0.8]",Wed,x1,22.717093030746465,1.8539485949473227,0.8482198118052875
"[10, 1, 20, 20]","[1, 0.5, -0.4, -0.8]",Wed,x1^2,9.400587204224534,0.6901283599051216,0.9740092064922652
"[10, 1, 20, 20]","[1, 0.5, -0.4, -0.8]",Wed,x1^3,8.706807744120695,0.6261454263649536,0.9777039728982262
"[10, 1, 20, 20]","[1, 0.5, -0.4, -0.8]",Wed,x1x2,5.343197528967045,0.4312667196808008,0.9916032343362573
"[10, 1, 20, 20]","[1, 0.5, -0.4, -0.8]",Thu,x1,21.355292878893287,1.7312762997087456,0.8802650307998141
"[10, 1, 20, 20]","[1, 0.5, -0.4, -0.8]",Thu,x1^2,8.506537419693739,0.6029958324127337,0.9810016634661896
"[10, 1, 20, 20]","[1, 0.5, -0.4, -0.8]",Thu,x1^3,7.633081310623892,0.5319371760811171,0.9847028783559857
"[10, 1, 20, 20]","[1, 0.5, -0.4, -0.8]",Thu,x1x2,5.690365247380671,0.4553262964224914,0.9914986043283808
"[10, 1, 20, 20]","[1, 0.5, -0.4, -0.8]",Fri,x1,20.483047467316624,1.5959867454464278,0.9054651029294389
"[10, 1, 20, 20]","[1, 0.5, -0.4, -0.8]",Fri,x1^2,12.377180656606278,0.9170817696693248,0.9654819325803393
"[10, 1, 20, 20]","[1, 0.5, -0.4, -0.8]",Fri,x1^3,10.243088800680699,0.7221957441536813,0.9763590519657341
"[10, 1, 20, 20]","[1, 0.5, -0.4, -0.8]",Fri,x1x2,7.442828220537762,0.5725303721888186,0.987518148708191
"[10, 1, 20, 20]","[1, 0.5, -0.4, -0.8]",Sat,x1,16.974843705845874,1.2816696187601302,0.9586746872476171
"[10, 1, 20, 20]","[1, 0.5, -0.4, -0.8]",Sat,x1^2,7.388257951363518,0.5447035638372972,0.9921713174989012
"[10, 1, 20, 20]","[1, 0.5, -0.4, -0.8]",Sat,x1^3,5.0430058031105345,0.3173909555498825,0.9963525989704982
"[10, 1, 20, 20]","[1, 0.5, -0.4, -0.8]",Sat,x1x2,7.301402561872287,0.5485817263482707,0.9923543014967201
"[10, 1, 20, 20]","[1, 0.5, -0.4, -0.8]",Sun,x1,18.8565678748734,1.4173254677652039,0.941139659138875
"[10, 1, 20, 20]","[1, 0.5, -0.4, -0.8]",Sun,x1^2,5.883946503003422,0.40859002521354226,0.9942689406459515
"[10, 1, 20, 20]","[1, 0.5, -0.4, -0.8]",Sun,x1^3,4.955247449819076,0.33530982794635056,0.9959353030768073
"[10, 1, 20, 20]","[1, 0.5, -0.4, -0.8]",Sun,x1x2,5.4824473899361035,0.4131239163966024,0.9950243889797845
"[10, 1, 20, 20]","[1, 0.5, -0.2, -0.4]",Mon,x1,20.557205119045808,2.014364164963162,0.8921967522913155
"[10, 1, 20, 20]","[1, 0.5, -0.2, -0.4]",Mon,x1^2,8.078891522718266,0.7290604301683752,0.983350267524599
"[10, 1, 20, 20]","[1, 0.5, -0.2, -0.4]",Mon,x1^3,7.419516992673625,0.6373679662656934,0.9859571591546549
"[10, 1, 20, 20]","[1, 0.5, -0.2, -0.4]",Mon,x1x2,4.476495561472323,0.4340789830833119,0.9948881273886963
"[10, 1, 20, 20]","[1, 0.5, -0.2, -0.4]",Tue,x1,20.506887586337342,2.0324413669520656,0.8668977453027612
"[10, 1, 20, 20]","[1, 0.5, -0.2, -0.4]",Tue,x1^2,7.791825394060162,0.6902822846308024,0.9807839405037427
"[10, 1, 20, 20]","[1, 0.5, -0.2, -0.4]",Tue,x1^3,7.287540846867809,0.6240750189307458,0.9831907663155214
"[10, 1, 20, 20]","[1, 0.5, -0.2, -0.4]",Tue,x1x2,4.518416700154794,0.43431826391839856,0.993538126211575
"[10, 1, 20, 20]","[1, 0.5, -0.2, -0.4]",Wed,x1,20.809522968408874,2.06505993370379,0.8735297537886202
"[10, 1, 20, 20]","[1, 0.5, -0.2, -0.4]",Wed,x1^2,8.605693144537781,0.7777948472342753,0.9783710305498766
"[10, 1, 20, 20]","[1, 0.5, -0.2, -0.4]",Wed,x1^3,8.015298262821199,0.7084010966314358,0.9812369476479473
"[10, 1, 20, 20]","[1, 0.5, -0.2, -0.4]",Wed,x1x2,4.972083673885844,0.48581939423932297,0.9927799372512118
"[10, 1, 20, 20]","[1, 0.5, -0.2, -0.4]",Thu,x1,19.59578643852967,1.9252179652714534,0.9001785557641983
"[10, 1, 20, 20]","[1, 0.5, -0.2, -0.4]",Thu,x1^2,7.7336023564283165,0.6731405519792825,0.9844524440121127
"[10, 1, 20, 20]","[1, 0.5, -0.2, -0.4]",Thu,x1^3,6.996216948518068,0.6000945906260259,0.9872759610449746
"[10, 1, 20, 20]","[1, 0.5, -0.2, -0.4]",Thu,x1x2,5.257986141913159,0.5113464544153328,0.9928131707307458
"[10, 1, 20, 20]","[1, 0.5, -0.2, -0.4]",Fri,x1,19.22637679506016,1.8287620214670146,0.9184612122047492
"[10, 1, 20, 20]","[1, 0.5, -0.2, -0.4]",Fri,x1^2,11.417168271109656,1.0324946252202472,0.9712468019364493
"[10, 1, 20, 20]","[1, 0.5, -0.2, -0.4]",Fri,x1^3,9.53175281249118,0.824910691654196,0.979959207354236
"[10, 1, 20, 20]","[1, 0.5, -0.2, -0.4]",Fri,x1x2,7.034542636005713,0.6590738648180252,0.9890845640768393
"[10, 1, 20, 20]","[1, 0.5, -0.2, -0.4]",Sat,x1,15.81626245726787,1.4351651961881964,0.9644436399141776
"[10, 1, 20, 20]","[1, 0.5, -0.2, -0.4]",Sat,x1^2,6.714247208542526,0.5924909228890185,0.9935922697003882
"[10, 1, 20, 20]","[1, 0.5, -0.2, -0.4]",Sat,x1^3,4.788367518482183,0.3664733829406268,0.9967409987894095
"[10, 1, 20, 20]","[1, 0.5, -0.2, -0.4]",Sat,x1x2,6.622959929909436,0.5976388414153435,0.9937653249293246
"[10, 1, 20, 20]","[1, 0.5, -0.2, -0.4]",Sun,x1,17.019258242317303,1.5342522305668218,0.952050240648461
"[10, 1, 20, 20]","[1, 0.5, -0.2, -0.4]",Sun,x1^2,5.325295636128259,0.4467326487720973,0.9953054645672399
"[10, 1, 20, 20]","[1, 0.5, -0.2, -0.4]",Sun,x1^3,4.5635580865013585,0.37428701255878394,0.9965524359677748
"[10, 1, 20, 20]","[1, 0.5, -0.2, -0.4]",Sun,x1x2,4.930209464721776,0.44619991899857575,0.9959762043403472
"[10, 1, 20, 20]","[1, 0.5, 0.0, 0.0]",Mon,x1,18.255418844507947,2.4463819181162054,0.9156489171178157
"[10, 1, 20, 20]","[1, 0.5, 0.0, 0.0]",Mon,x1^2,7.413101062797931,0.9340315129422004,0.9860906479045695
"[10, 1, 20, 20]","[1, 0.5, 0.0, 0.0]",Mon,x1^3,6.8422122091266,0.8235893321924941,0.9881504969208699
"[10, 1, 20, 20]","[1, 0.5, 0.0, 0.0]",Mon,x1x2,4.343331342034639,0.5694887658291544,0.9952252242141842
"[10, 1, 20, 20]","[1, 0.5, 0.0, 0.0]",Tue,x1,18.09829580042789,2.4512901454217952,0.8984436941660046
"[10, 1, 20, 20]","[1, 0.5, 0.0, 0.0]",Tue,x1^2,7.24125534348339,0.9020010992140134,0.9837422944134909
"[10, 1, 20, 20]","[1, 0.5, 0.0, 0.0]",Tue,x1^3,6.829852442646312,0.8238010642503534,0.985537140324677
"[10, 1, 20, 20]","[1, 0.5, 0.0, 0.0]",Tue,x1x2,4.326696360056301,0.5639718221203418,0.994195773294093
"[10, 1, 20, 20]","[1, 0.5, 0.0, 0.0]",Wed,x1,18.601570456733477,2.512859841580663,0.9014658154881274
"[10, 1, 20, 20]","[1, 0.5, 0.0, 0.0]",Wed,x1^2,7.643491265374376,0.9659634272886728,0.9833631442594438
"[10, 1, 20, 20]","[1, 0.5, 0.0, 0.0]",Wed,x1^3,7.1936498943070415,0.8835830483174921,0.9852637731493219
"[10, 1, 20, 20]","[1, 0.5, 0.0, 0.0]",Wed,x1x2,4.787189361559033,0.6320776814310911,0.9934739722368319
"[10, 1, 20, 20]","[1, 0.5, 0.0, 0.0]",Thu,x1,17.54942726650928,2.3254984373782794,0.9215449359583363
"[10, 1, 20, 20]","[1, 0.5, 0.0, 0.0]",Thu,x1^2,7.1428256607036325,0.8491128262569891,0.9870032373953808
"[10, 1, 20, 20]","[1, 0.5, 0.0, 0.0]",Thu,x1^3,6.513439567673532,0.7676591395898559,0.9891927334723997
"[10, 1, 20, 20]","[1, 0.5, 0.0, 0.0]",Thu,x1x2,4.916582572806192,0.6368648281597958,0.993842254141083
"[10, 1, 20, 20]","[1, 0.5, 0.0, 0.0]",Fri,x1,17.5301957720059,2.2663468300235805,0.9343759987521172
"[10, 1, 20, 20]","[1, 0.5, 0.0, 0.0]",Fri,x1^2,10.223773399805001,1.261927606682072,0.9776791049840935
"[10, 1, 20, 20]","[1, 0.5, 0.0, 0.0]",Fri,x1^3,8.699909196186063,1.0304262074960446,0.9838371250095704
"[10, 1, 20, 20]","[1, 0.5, 0.0, 0.0]",Fri,x1x2,6.536379843773901,0.8301422058241674,0.9908764524762097
"[10, 1, 20, 20]","[1, 0.5, 0.0, 0.0]",Sat,x1,15.02179568249434,1.8128033127381236,0.9681940914678726
"[10, 1, 20, 20]","[1, 0.5, 0.0, 0.0]",Sat,x1^2,6.178393118308461,0.7358326427842813,0.9946195923622507
"[10, 1, 20, 20]","[1, 0.5, 0.0, 0.0]",Sat,x1^3,4.560425808094849,0.4861385004612646,0.9970686012805018
"[10, 1, 20, 20]","[1, 0.5, 0.0, 0.0]",Sat,x1x2,6.09782070682945,0.7420096929644252,0.9947590090981581
"[10, 1, 20, 20]","[1, 0.5, 0.0, 0.0]",Sun,x1,14.76307648830755,1.7679300921306147,0.9641461478110492
"[10, 1, 20, 20]","[1, 0.5, 0.0, 0.0]",Sun,x1^2,5.040146944667427,0.5730768211062957,0.9958210374343583
"[10, 1, 20, 20]","[1, 0.5, 0.0, 0.0]",Sun,x1^3,4.431620069640107,0.495298031986635,0.9967692219395174
"[10, 1, 20, 20]","[1, 0.5, 0.0, 0.0]",Sun,x1x2,4.6070445274691,0.5567352211350298,0.9965083805542109
"[10, 1, 20, 20]","[1, 0.5, 0.2, 0.4]",Mon,x1,17.661549381487987,2.8361106567020284,0.9237537299573214
"[10, 1, 20, 20]","[1, 0.5, 0.2, 0.4]",Mon,x1^2,6.494427532004369,0.9763014084926916,0.9896903777399352
"[10, 1, 20, 20]","[1, 0.5, 0.2, 0.4]",Mon,x1^3,5.7691939432954165,0.832788735387641,0.9918643682814606
"[10, 1, 20, 20]","[1, 0.5, 0.2, 0.4]",Mon,x1x2,4.2086978519881955,0.628959247439383,0.9956703130202792
"[10, 1, 20, 20]","[1, 0.5, 0.2, 0.4]",Tue,x1,18.008320515030693,2.9535762990684282,0.9029978730786121
"[10, 1, 20, 20]","[1, 0.5, 0.2, 0.4]",Tue,x1^2,7.290091763539166,1.1160528298705645,0.9841035252866803
"[10, 1, 20, 20]","[1, 0.5, 0.2, 0.4]",Tue,x1^3,6.615781493533488,0.9842310624068377,0.9869082670060214
"[10, 1, 20, 20]","[1, 0.5, 0.2, 0.4]",Tue,x1x2,4.511954878510105,0.6833659550607717,0.9939107426463872
"[10, 1, 20, 20]","[1, 0.5, 0.2, 0.4]",Wed,x1,18.034964348946705,2.9248353253019976,0.9107959869079043
"[10, 1, 20, 20]","[1, 0.5, 0.2, 0.4]",Wed,x1^2,7.127900028955661,1.0810585443816572,0.9860659611725102
"[10, 1, 20, 20]","[1, 0.5, 0.2, 0.4]",Wed,x1^3,6.497231995645718,0.9761173742642073,0.9884226126182499
"[10, 1, 20, 20]","[1, 0.5, 0.2, 0.4]",Wed,x1x2,4.680936825038189,0.7192952203650231,0.9939907623979295
"[10, 1, 20, 20]","[1, 0.5, 0.2, 0.4]",Thu,x1,17.202718677050907,2.7577871988740337,0.9260924132145893
"[10, 1, 20, 20]","[1, 0.5, 0.2, 0.4]",Thu,x1^2,6.87411508540245,0.9704140749023381,0.988198738193788
"[10, 1, 20, 20]","[1, 0.5, 0.2, 0.4]",Thu,x1^3,6.106831525370407,0.8704735949969409,0.9906862039134419
"[10, 1, 20, 20]","[1, 0.5, 0.2, 0.4]",Thu,x1x2,4.79841030583969,0.732887121075877,0.9942497118235227
"[10, 1, 20, 20]","[1, 0.5, 0.2, 0.4]",Fri,x1,16.492848195723997,2.5554846126474224,0.9433199122076483
"[10, 1, 20, 20]","[1, 0.5, 0.2, 0.4]",Fri,x1^2,9.682140562337143,1.4310635604078674,0.9804664149598857
"[10, 1, 20, 20]","[1, 0.5, 0.2, 0.4]",Fri,x1^3,8.297974465688407,1.197537774851538,0.9856522639286462
"[10, 1, 20, 20]","[1, 0.5, 0.2, 0.4]",Fri,x1x2,6.036563973071301,0.922478277989022,0.992406905482737
"[10, 1, 20, 20]","[1, 0.5, 0.2, 0.4]",Sat,x1,12.92482293839522,1.8222424009145306,0.9769470146294692
"[10, 1, 20, 20]","[1, 0.5, 0.2, 0.4]",Sat,x1^2,5.271930194323998,0.7220932860902104,0.9961645416376985
"[10, 1, 20, 20]","[1, 0.5, 0.2, 0.4]",Sat,x1^3,4.059804680831954,0.5080047324414012,0.9977254879076467
"[10, 1, 20, 20]","[1, 0.5, 0.2, 0.4]",Sat,x1x2,5.175482838470849,0.7287806032693885,0.9963035935803279
"[10, 1, 20, 20]","[1, 0.5, 0.2, 0.4]",Sun,x1,13.723131397116305,1.9817131841553992,0.9696466714525005
"[10, 1, 20, 20]","[1, 0.5, 0.2, 0.4]",Sun,x1^2,4.468387225948239,0.5877680741570157,0.9967818855706548
"[10, 1, 20, 20]","[1, 0.5, 0.2, 0.4]",Sun,x1^3,3.5089656203956063,0.4532862304340483,0.9980154680017881
"[10, 1, 20, 20]","[1, 0.5, 0.2, 0.4]",Sun,x1x2,4.2215426493280495,0.5733958595164043,0.9971276177001298
"[10, 1, 20, 20]","[1, 0.5, 0.4, 0.8]",Mon,x1,17.891648322698433,2.9773815315124956,0.9225423437476584
"[10, 1, 20, 20]","[1, 0.5, 0.4, 0.8]",Mon,x1^2,6.5218017633196155,1.0149098167995723,0.989708022377718
"[10, 1, 20, 20]","[1, 0.5, 0.4, 0.8]",Mon,x1^3,5.711903116012205,0.8544082159123658,0.9921054876149681
"[10, 1, 20, 20]","[1, 0.5, 0.4, 0.8]",Mon,x1x2,4.281260298212003,0.6737314498331751,0.995564864297535
"[10, 1, 20, 20]","[1, 0.5, 0.4, 0.8]",Tue,x1,18.18935392214705,3.098911097537404,0.9025420980165633
"[10, 1, 20, 20]","[1, 0.5, 0.4, 0.8]",Tue,x1^2,7.360738363629145,1.1829629198555123,0.98404027979679
"[10, 1, 20, 20]","[1, 0.5, 0.4, 0.8]",Tue,x1^3,6.624661981383877,1.021465181862608,0.9870726365714699
"[10, 1, 20, 20]","[1, 0.5, 0.4, 0.8]",Tue,x1x2,4.580019547509316,0.7378703755267223,0.9938210145254665
"[10, 1, 20, 20]","[1, 0.5, 0.4, 0.8]",Wed,x1,18.210649563889387,3.0733952147715087,0.9103714260431495
"[10, 1, 20, 20]","[1, 0.5, 0.4, 0.8]",Wed,x1^2,7.239312630780893,1.1380484577729892,0.985835857852414
"[10, 1, 20, 20]","[1, 0.5, 0.4, 0.8]",Wed,x1^3,6.501936789746811,1.005442131288522,0.9885743452051531
"[10, 1, 20, 20]","[1, 0.5, 0.4, 0.8]",Wed,x1x2,4.6830485783507845,0.7483427866704833,0.9940727541937746
"[10, 1, 20, 20]","[1, 0.5, 0.4, 0.8]",Thu,x1,17.451885666843978,2.9139558332505198,0.9246685889807403
"[10, 1, 20, 20]","[1, 0.5, 0.4, 0.8]",Thu,x1^2,6.984240373415211,1.0279293827488751,0.9879349329520735
"[10, 1, 20, 20]","[1, 0.5, 0.4, 0.8]",Thu,x1^3,6.106345224684168,0.8951355331767339,0.9907773847449779
"[10, 1, 20, 20]","[1, 0.5, 0.4, 0.8]",Thu,x1x2,4.934759406907716,0.775428298427407,0.9939768545459655
"[10, 1, 20, 20]","[1, 0.5, 0.4, 0.8]",Fri,x1,16.223379307343777,2.562057305703436,0.9458332037425734
"[10, 1, 20, 20]","[1, 0.5, 0.4, 0.8]",Fri,x1^2,9.65412667253048,1.4570616967966128,0.9808187683186287
"[10, 1, 20, 20]","[1, 0.5, 0.4, 0.8]",Fri,x1^3,8.221969021585629,1.2308384841891546,0.9860875961016736
"[10, 1, 20, 20]","[1, 0.5, 0.4, 0.8]",Fri,x1x2,5.8643039219513575,0.9192594980036278,0.9929224418729032
"[10, 1, 20, 20]","[1, 0.5, 0.4, 0.8]",Sat,x1,12.484900282896252,1.7875415020161347,0.9786986218634925
"[10, 1, 20, 20]","[1, 0.5, 0.4, 0.8]",Sat,x1^2,5.1375528577646286,0.7089428961687052,0.9963929666956151
"[10, 1, 20, 20]","[1, 0.5, 0.4, 0.8]",Sat,x1^3,3.8165548621107366,0.4867539597969593,0.9980094157419838
"[10, 1, 20, 20]","[1, 0.5, 0.4, 0.8]",Sat,x1x2,5.047891039281051,0.7150207901478888,0.9965177697027189
"[10, 1, 20, 20]","[1, 0.5, 0.4, 0.8]",Sun,x1,13.816066254729716,2.056296168739467,0.9694702028816069
"[10, 1, 20, 20]","[1, 0.5, 0.4, 0.8]",Sun,x1^2,4.379421045492015,0.616274896220115,0.9969324722094409
"[10, 1, 20, 20]","[1, 0.5, 0.4, 0.8]",Sun,x1^3,3.3010606911846665,0.4461229283715674,0.9982571415276245
"[10, 1, 20, 20]","[1, 0.5, 0.4, 0.8]",Sun,x1x2,4.169591779361251,0.5974131605615085,0.997219376560184
"[10, 1, 20, 80]","[1, 0.5, -0.4, -0.8]",Mon,x1,79.93419933858294,4.052718329049283,0.904104741769809
"[10, 1, 20, 80]","[1, 0.5, -0.4, -0.8]",Mon,x1^2,30.01980826165348,1.4375817902005665,0.98647467521484
"[10, 1, 20, 80]","[1, 0.5, -0.4, -0.8]",Mon,x1^3,26.573970408408197,1.217680252060834,0.9894014911040102
"[10, 1, 20, 80]","[1, 0.5, -0.4, -0.8]",Mon,x1x2,19.53386662328229,0.9795755446885808,0.9942732488639888
"[10, 1, 20, 80]","[1, 0.5, -0.4, -0.8]",Tue,x1,80.95744391486498,4.2397169272998125,0.8784714093893131
"[10, 1, 20, 80]","[1, 0.5, -0.4, -0.8]",Tue,x1^2,33.210634898624484,1.637790439429663,0.979548778967823
"[10, 1, 20, 80]","[1, 0.5, -0.4, -0.8]",Tue,x1^3,30.2626544264769,1.419903867916606,0.983018387630038
"[10, 1, 20, 80]","[1, 0.5, -0.4, -0.8]",Tue,x1x2,20.595028886460202,1.0511735295386686,0.9921351635310255
"[10, 1, 20, 80]","[1, 0.5, -0.4, -0.8]",Wed,x1,81.07522203348445,4.230889859976146,0.8883454557635109
"[10, 1, 20, 80]","[1, 0.5, -0.4, -0.8]",Wed,x1^2,34.61087752298034,1.7228284802658527,0.9796518312435943
"[10, 1, 20, 80]","[1, 0.5, -0.4, -0.8]",Wed,x1^3,30.916231687653354,1.4845077548595762,0.9837642178169491
"[10, 1, 20, 80]","[1, 0.5, -0.4, -0.8]",Wed,x1x2,21.708288916615743,1.098021677670236,0.9919951850671004
"[10, 1, 20, 80]","[1, 0.5, -0.4, -0.8]",Thu,x1,75.55774518990049,3.8748693271679615,0.9119856419956898
"[10, 1, 20, 80]","[1, 0.5, -0.4, -0.8]",Thu,x1^2,32.83841206149119,1.5508903969563683,0.9833750693048661
"[10, 1, 20, 80]","[1, 0.5, -0.4, -0.8]",Thu,x1^3,28.318572202485075,1.2932907783314886,0.9876365905368601
"[10, 1, 20, 80]","[1, 0.5, -0.4, -0.8]",Thu,x1x2,22.716221087298187,1.1332731759081753,0.9920444955888421
"[10, 1, 20, 80]","[1, 0.5, -0.4, -0.8]",Fri,x1,67.3236195295509,3.2086792690794024,0.9429482426915285
"[10, 1, 20, 80]","[1, 0.5, -0.4, -0.8]",Fri,x1^2,42.53596452152443,1.990669056545974,0.9772256137311768
"[10, 1, 20, 80]","[1, 0.5, -0.4, -0.8]",Fri,x1^3,34.636375700214884,1.5839404143041778,0.9848992333777608
"[10, 1, 20, 80]","[1, 0.5, -0.4, -0.8]",Fri,x1x2,25.420607027438564,1.1603337767979969,0.9918659666972431
"[10, 1, 20, 80]","[1, 0.5, -0.4, -0.8]",Sat,x1,52.72874559633337,2.266964765264395,0.9752303176784168
"[10, 1, 20, 80]","[1, 0.5, -0.4, -0.8]",Sat,x1^2,25.701490032876205,1.1226181765599108,0.9941150583451616
"[10, 1, 20, 80]","[1, 0.5, -0.4, -0.8]",Sat,x1^3,16.570344723897062,0.6441815593270337,0.9975538186871639
"[10, 1, 20, 80]","[1, 0.5, -0.4, -0.8]",Sat,x1x2,25.474402110014022,1.1173126179596937,0.9942185928277774
"[10, 1, 20, 80]","[1, 0.5, -0.4, -0.8]",Sun,x1,64.82604666275155,2.873604299572809,0.9568011328430959
"[10, 1, 20, 80]","[1, 0.5, -0.4, -0.8]",Sun,x1^2,21.88357609571794,0.9744291918719061,0.9950772263180151
"[10, 1, 20, 80]","[1, 0.5, -0.4, -0.8]",Sun,x1^3,15.716240740202712,0.6311207085638296,0.9974609536529114
"[10, 1, 20, 80]","[1, 0.5, -0.4, -0.8]",Sun,x1x2,21.01138415676455,0.9670396363733769,0.9954618106803288
"[10, 1, 20, 80]","[1, 0.5, -0.2, -0.4]",Mon,x1,77.34140607485027,4.503675024822985,0.910628032685826
"[10, 1, 20, 80]","[1, 0.5, -0.2, -0.4]",Mon,x1^2,29.0819090937347,1.6079127655721341,0.9873636101366904
"[10, 1, 20, 80]","[1, 0.5, -0.2, -0.4]",Mon,x1^3,25.860015345419807,1.3738894408790785,0.9900084067054652
"[10, 1, 20, 80]","[1, 0.5, -0.2, -0.4]",Mon,x1x2,18.63188757664776,1.0718795276971798,0.994813302718081
"[10, 1, 20, 80]","[1, 0.5, -0.2, -0.4]",Tue,x1,78.27794805048659,4.724025944449687,0.8875252128764257
"[10, 1, 20, 80]","[1, 0.5, -0.2, -0.4]",Tue,x1^2,31.921967781330714,1.8221119067889404,0.9812950899385045
"[10, 1, 20, 80]","[1, 0.5, -0.2, -0.4]",Tue,x1^3,29.250113815948566,1.5982107613768348,0.9842952352554791
"[10, 1, 20, 80]","[1, 0.5, -0.2, -0.4]",Tue,x1x2,19.70829535390994,1.158967451800652,0.9928702477538887
"[10, 1, 20, 80]","[1, 0.5, -0.2, -0.4]",Wed,x1,78.55960217415289,4.708421094686251,0.8961041587738522
"[10, 1, 20, 80]","[1, 0.5, -0.2, -0.4]",Wed,x1^2,33.35747922782185,1.9180768557139805,0.9812679175226595
"[10, 1, 20, 80]","[1, 0.5, -0.2, -0.4]",Wed,x1^3,29.978629273288362,1.6641378027492402,0.9848705494631342
"[10, 1, 20, 80]","[1, 0.5, -0.2, -0.4]",Wed,x1x2,20.82835312101693,1.2105575439823733,0.9926968625090443
"[10, 1, 20, 80]","[1, 0.5, -0.2, -0.4]",Thu,x1,73.49607486749272,4.315669440277156,0.9173867365360673
"[10, 1, 20, 80]","[1, 0.5, -0.2, -0.4]",Thu,x1^2,31.669026220820406,1.7186632915732198,0.9846612169069402
"[10, 1, 20, 80]","[1, 0.5, -0.2, -0.4]",Thu,x1^3,27.46252394601093,1.4487010509565497,0.98846540410201
"[10, 1, 20, 80]","[1, 0.5, -0.2, -0.4]",Thu,x1x2,21.924435099659522,1.2495957815333145,0.9926484602240827
"[10, 1, 20, 80]","[1, 0.5, -0.2, -0.4]",Fri,x1,65.93379650266849,3.605459154282841,0.9456444030984695
"[10, 1, 20, 80]","[1, 0.5, -0.2, -0.4]",Fri,x1^2,41.49313208278192,2.233089081169657,0.9784731472780871
"[10, 1, 20, 80]","[1, 0.5, -0.2, -0.4]",Fri,x1^3,33.88745336558848,1.7858861520800355,0.9856416026267651
"[10, 1, 20, 80]","[1, 0.5, -0.2, -0.4]",Fri,x1x2,24.76585719366579,1.2841778281537226,0.9923310689836021
"[10, 1, 20, 80]","[1, 0.5, -0.2, -0.4]",Sat,x1,52.00347898675989,2.5259169288221717,0.9759576462194748
"[10, 1, 20, 80]","[1, 0.5, -0.2, -0.4]",Sat,x1^2,25.079196123341287,1.2473746942028237,0.9944083573364992
"[10, 1, 20, 80]","[1, 0.5, -0.2, -0.4]",Sat,x1^3,16.201633407616026,0.720624439961575,0.997666381877172
"[10, 1, 20, 80]","[1, 0.5, -0.2, -0.4]",Sat,x1x2,24.85876384165313,1.2405460319971338,0.9945062202586069
"[10, 1, 20, 80]","[1, 0.5, -0.2, -0.4]",Sun,x1,62.77115558577029,3.1399824166260726,0.959604031788253
"[10, 1, 20, 80]","[1, 0.5, -0.2, -0.4]",Sun,x1^2,20.921904696426317,1.0603137626786985,0.9955123372404351
"[10, 1, 20, 80]","[1, 0.5, -0.2, -0.4]",Sun,x1^3,15.44039374515066,0.7138902049644008,0.9975558125142143
"[10, 1, 20, 80]","[1, 0.5, -0.2, -0.4]",Sun,x1x2,20.01349310244943,1.0524191643950094,0.9958935781153814
"[10, 1, 20, 80]","[1, 0.5, 0.0, 0.0]",Mon,x1,73.54795780665435,5.551250086478184,0.9198290298935818
"[10, 1, 20, 80]","[1, 0.5, 0.0, 0.0]",Mon,x1^2,27.85665791452683,2.0281517963527658,0.9884990444674427
"[10, 1, 20, 80]","[1, 0.5, 0.0, 0.0]",Mon,x1^3,24.981099239131368,1.7539293724989844,0.9907509102952836
"[10, 1, 20, 80]","[1, 0.5, 0.0, 0.0]",Mon,x1x2,17.510210751801647,1.307433040013866,0.9954557873240968
"[10, 1, 20, 80]","[1, 0.5, 0.0, 0.0]",Tue,x1,74.42148443541926,5.8639903221939145,0.9000352329577065
"[10, 1, 20, 80]","[1, 0.5, 0.0, 0.0]",Tue,x1^2,30.439705422593946,2.2964488771785443,0.9832763452933763
"[10, 1, 20, 80]","[1, 0.5, 0.0, 0.0]",Tue,x1^3,28.13396559512352,2.048463583183198,0.9857139486905132
"[10, 1, 20, 80]","[1, 0.5, 0.0, 0.0]",Tue,x1x2,18.593417190361812,1.4221388037066742,0.9937602278793036
"[10, 1, 20, 80]","[1, 0.5, 0.0, 0.0]",Wed,x1,74.81963158177574,5.7967231884512005,0.9071609358685848
"[10, 1, 20, 80]","[1, 0.5, 0.0, 0.0]",Wed,x1^2,31.746479297553968,2.3889450286494998,0.9832856011743917
"[10, 1, 20, 80]","[1, 0.5, 0.0, 0.0]",Wed,x1^3,28.806536156026176,2.103629772322355,0.9862379952803971
"[10, 1, 20, 80]","[1, 0.5, 0.0, 0.0]",Wed,x1x2,19.68497110364872,1.4795601165852763,0.9935735788040784
"[10, 1, 20, 80]","[1, 0.5, 0.0, 0.0]",Thu,x1,70.52733192152535,5.315039022058614,0.9248399191861969
"[10, 1, 20, 80]","[1, 0.5, 0.0, 0.0]",Thu,x1^2,30.142970519360738,2.121693433717668,0.9862708254448525
"[10, 1, 20, 80]","[1, 0.5, 0.0, 0.0]",Thu,x1^3,26.347315491253607,1.8176382682332453,0.9895107346294596
"[10, 1, 20, 80]","[1, 0.5, 0.0, 0.0]",Thu,x1x2,20.925893743923723,1.5270704302534095,0.9933833165087924
"[10, 1, 20, 80]","[1, 0.5, 0.0, 0.0]",Fri,x1,64.03568639325894,4.513781040710499,0.9492113288147179
"[10, 1, 20, 80]","[1, 0.5, 0.0, 0.0]",Fri,x1^2,40.00030334716732,2.794959576946069,0.9801824810615227
"[10, 1, 20, 80]","[1, 0.5, 0.0, 0.0]",Fri,x1^3,32.78410255774537,2.253381878770765,0.9866878160092953
"[10, 1, 20, 80]","[1, 0.5, 0.0, 0.0]",Fri,x1x2,23.965637654396584,1.5689313336439008,0.9928862157479481
"[10, 1, 20, 80]","[1, 0.5, 0.0, 0.0]",Sat,x1,50.962089665616745,3.085694384815454,0.9769779858135087
"[10, 1, 20, 80]","[1, 0.5, 0.0, 0.0]",Sat,x1^2,24.251693511712606,1.5282606901101363,0.994786456469292
"[10, 1, 20, 80]","[1, 0.5, 0.0, 0.0]",Sat,x1^3,15.732170778471326,0.8973634779042989,0.9978060528264908
"[10, 1, 20, 80]","[1, 0.5, 0.0, 0.0]",Sat,x1x2,24.0372334189287,1.518926837561448,0.99487825651684
"[10, 1, 20, 80]","[1, 0.5, 0.0, 0.0]",Sun,x1,59.497535527851454,3.7224307870114113,0.9638796573903445
"[10, 1, 20, 80]","[1, 0.5, 0.0, 0.0]",Sun,x1^2,19.60012912600821,1.263417198541078,0.9960801290263079
"[10, 1, 20, 80]","[1, 0.5, 0.0, 0.0]",Sun,x1^3,15.045240885442173,0.9025157303537338,0.997690317956083
"[10, 1, 20, 80]","[1, 0.5, 0.0, 0.0]",Sun,x1x2,18.61508994367883,1.245025708305094,0.9964642285481471
"[10, 1, 20, 80]","[1, 0.5, 0.2, 0.4]",Mon,x1,71.87218471650327,6.672543346133297,0.9242034604206439
"[10, 1, 20, 80]","[1, 0.5, 0.2, 0.4]",Mon,x1^2,26.791644842855973,2.421682213701426,0.9894676219129823
"[10, 1, 20, 80]","[1, 0.5, 0.2, 0.4]",Mon,x1^3,23.470008939707192,2.0640432179399104,0.9919173421298688
"[10, 1, 20, 80]","[1, 0.5, 0.2, 0.4]",Mon,x1x2,17.512240310629007,1.5782056925946426,0.9955000146251098
"[10, 1, 20, 80]","[1, 0.5, 0.2, 0.4]",Tue,x1,72.83792909282126,7.1160438789566145,0.9055983565576451
"[10, 1, 20, 80]","[1, 0.5, 0.2, 0.4]",Tue,x1^2,30.312233829646622,2.8608105407443913,0.9836506586715339
"[10, 1, 20, 80]","[1, 0.5, 0.2, 0.4]",Tue,x1^3,27.513886528134684,2.5413297619109194,0.9865299794099284
"[10, 1, 20, 80]","[1, 0.5, 0.2, 0.4]",Tue,x1x2,18.685449597964663,1.7240656156720886,0.9937874273563959
"[10, 1, 20, 80]","[1, 0.5, 0.2, 0.4]",Wed,x1,73.16970386632451,6.978738172153215,0.9123018074249813
"[10, 1, 20, 80]","[1, 0.5, 0.2, 0.4]",Wed,x1^2,30.725369548970082,2.8609157179793656,0.9845359844319369
"[10, 1, 20, 80]","[1, 0.5, 0.2, 0.4]",Wed,x1^3,27.485227236029267,2.534757319787559,0.98762552701539
"[10, 1, 20, 80]","[1, 0.5, 0.2, 0.4]",Wed,x1x2,19.696304303704043,1.7920962741175563,0.9936452636211061
"[10, 1, 20, 80]","[1, 0.5, 0.2, 0.4]",Thu,x1,68.99932420169402,6.380983768134017,0.9286430272399955
"[10, 1, 20, 80]","[1, 0.5, 0.2, 0.4]",Thu,x1^2,29.44702559595423,2.570739954066665,0.9870034042516203
"[10, 1, 20, 80]","[1, 0.5, 0.2, 0.4]",Thu,x1^3,25.625704609883336,2.223052781598612,0.9901576597541684
"[10, 1, 20, 80]","[1, 0.5, 0.2, 0.4]",Thu,x1x2,20.489126323664603,1.8363846283080965,0.9937079288766076
"[10, 1, 20, 80]","[1, 0.5, 0.2, 0.4]",Fri,x1,62.440607326611584,5.460466377235627,0.9521127702333806
"[10, 1, 20, 80]","[1, 0.5, 0.2, 0.4]",Fri,x1^2,38.848361004060386,3.3892332076632883,0.9814633658407407
"[10, 1, 20, 80]","[1, 0.5, 0.2, 0.4]",Fri,x1^3,31.96843024081218,2.756984878590633,0.9874475615649849
"[10, 1, 20, 80]","[1, 0.5, 0.2, 0.4]",Fri,x1x2,23.232017397373266,1.84917322644604,0.9933708274161862
"[10, 1, 20, 80]","[1, 0.5, 0.2, 0.4]",Sat,x1,47.776808722539045,3.465083695496178,0.9799234213616356
"[10, 1, 20, 80]","[1, 0.5, 0.2, 0.4]",Sat,x1^2,22.301046310972072,1.696474720472546,0.995625726753777
"[10, 1, 20, 80]","[1, 0.5, 0.2, 0.4]",Sat,x1^3,14.9213747896202,1.0183084254643942,0.9980417275807859
"[10, 1, 20, 80]","[1, 0.5, 0.2, 0.4]",Sat,x1x2,22.05291232154163,1.6901156879545485,0.9957225264678502
"[10, 1, 20, 80]","[1, 0.5, 0.2, 0.4]",Sun,x1,56.08057539750742,4.170839937034965,0.9681432352062271
"[10, 1, 20, 80]","[1, 0.5, 0.2, 0.4]",Sun,x1^2,18.77422095523235,1.4570117255115496,0.9964297338135202
"[10, 1, 20, 80]","[1, 0.5, 0.2, 0.4]",Sun,x1^3,13.715758512322209,0.9910565588008236,0.9980944672938331
"[10, 1, 20, 80]","[1, 0.5, 0.2, 0.4]",Sun,x1x2,17.836765610793023,1.4126951650065298,0.9967773810397224
"[10, 1, 20, 80]","[1, 0.5, 0.4, 0.8]",Mon,x1,72.34581466322429,7.103667510506984,0.9237074095167794
"[10, 1, 20, 80]","[1, 0.5, 0.4, 0.8]",Mon,x1^2,26.883346185571288,2.605246578438784,0.9894652996312291
"[10, 1, 20, 80]","[1, 0.5, 0.4, 0.8]",Mon,x1^3,23.23196800780957,2.1895064736713645,0.9921326668634063
"[10, 1, 20, 80]","[1, 0.5, 0.4, 0.8]",Mon,x1x2,18.212686265432648,1.7352048496775432,0.9951649212560307
"[10, 1, 20, 80]","[1, 0.5, 0.4, 0.8]",Tue,x1,73.27996368647005,7.625758850310839,0.9052242047763974
"[10, 1, 20, 80]","[1, 0.5, 0.4, 0.8]",Tue,x1^2,30.569054217905833,3.113760696119801,0.983507330709888
"[10, 1, 20, 80]","[1, 0.5, 0.4, 0.8]",Tue,x1^3,27.48221952892059,2.720843072564461,0.9866699875479826
"[10, 1, 20, 80]","[1, 0.5, 0.4, 0.8]",Tue,x1x2,19.32451329583788,1.8939989859759012,0.993409109817028
"[10, 1, 20, 80]","[1, 0.5, 0.4, 0.8]",Wed,x1,73.35712103489816,7.439958017334558,0.9124880077843411
"[10, 1, 20, 80]","[1, 0.5, 0.4, 0.8]",Wed,x1^2,30.925699423952157,3.084457333927066,0.9844467169990284
"[10, 1, 20, 80]","[1, 0.5, 0.4, 0.8]",Wed,x1^3,27.355550011037774,2.707763167462588,0.9878304669215684
"[10, 1, 20, 80]","[1, 0.5, 0.4, 0.8]",Wed,x1x2,20.133457721601356,1.9448516734835275,0.9934079613144136
"[10, 1, 20, 80]","[1, 0.5, 0.4, 0.8]",Thu,x1,69.1373007787675,6.7968632818383945,0.928604333338263
"[10, 1, 20, 80]","[1, 0.5, 0.4, 0.8]",Thu,x1^2,29.56149982445952,2.755741215563046,0.9869473124498024
"[10, 1, 20, 80]","[1, 0.5, 0.4, 0.8]",Thu,x1^3,25.466840935900198,2.366147484588692,0.990312824571824
"[10, 1, 20, 80]","[1, 0.5, 0.4, 0.8]",Thu,x1x2,20.775665348964797,1.9656421931414745,0.9935530115022113
"[10, 1, 20, 80]","[1, 0.5, 0.4, 0.8]",Fri,x1,61.45794793467436,5.7036070299708115,0.9538877540128985
"[10, 1, 20, 80]","[1, 0.5, 0.4, 0.8]",Fri,x1^2,38.425983097671974,3.5543025846040965,0.9819735528219392
"[10, 1, 20, 80]","[1, 0.5, 0.4, 0.8]",Fri,x1^3,31.723748079300776,2.9177653428098016,0.9877134726865199
"[10, 1, 20, 80]","[1, 0.5, 0.4, 0.8]",Fri,x1x2,22.60744355428709,1.8992189905594283,0.9937603091052639
"[10, 1, 20, 80]","[1, 0.5, 0.4, 0.8]",Sat,x1,46.09287675664245,3.465295846972199,0.9814148893545569
"[10, 1, 20, 80]","[1, 0.5, 0.4, 0.8]",Sat,x1^2,21.65758973164553,1.7250447792080392,0.9958968464709987
"[10, 1, 20, 80]","[1, 0.5, 0.4, 0.8]",Sat,x1^3,14.554676401170267,1.0499491733799238,0.9981468838939731
"[10, 1, 20, 80]","[1, 0.5, 0.4, 0.8]",Sat,x1x2,21.407281790402706,1.712698083420689,0.9959911429130878
"[10, 1, 20, 80]","[1, 0.5, 0.4, 0.8]",Sun,x1,56.29234125555065,4.387362800784446,0.9680459205782257
"[10, 1, 20, 80]","[1, 0.5, 0.4, 0.8]",Sun,x1^2,19.00431919538816,1.5789708281475017,0.9963580639205443
"[10, 1, 20, 80]","[1, 0.5, 0.4, 0.8]",Sun,x1^3,13.229205111414593,1.010443832697661,0.9982352012530792
"[10, 1, 20, 80]","[1, 0.5, 0.4, 0.8]",Sun,x1x2,18.279648658380818,1.5359910405084893,0.9966305161814041
"[100, 1, 20, 5]","[1, 0.5, -0.4, -0.8]",Mon,x1,17.672022690994808,0.7386386141053897,0.8451264457937494
"[100, 1, 20, 5]","[1, 0.5, -0.4, -0.8]",Mon,x1^2,6.2602379010172715,0.25303734693727853,0.9805649161258316
"[100, 1, 20, 5]","[1, 0.5, -0.4, -0.8]",Mon,x1^3,6.055582115776861,0.24986689251301056,0.9818148645791456
"[100, 1, 20, 5]","[1, 0.5, -0.4, -0.8]",Mon,x1x2,5.937109907684823,0.2398417572661273,0.9825194569039417
"[100, 1, 20, 5]","[1, 0.5, -0.4, -0.8]",Tue,x1,17.801854806628132,0.7501715359427914,0.8569308335737241
"[100, 1, 20, 5]","[1, 0.5, -0.4, -0.8]",Tue,x1^2,6.624240215781229,0.27289979403707765,0.980189853668764
"[100, 1, 20, 5]","[1, 0.5, -0.4, -0.8]",Tue,x1^3,6.249729218568926,0.2511446602231517,0.9823665236418714
"[100, 1, 20, 5]","[1, 0.5, -0.4, -0.8]",Tue,x1x2,5.926142157851851,0.24912200230086326,0.9841452401529001
"[100, 1, 20, 5]","[1, 0.5, -0.4, -0.8]",Wed,x1,17.723274903703686,0.7512756615867523,0.8399875463352011
"[100, 1, 20, 5]","[1, 0.5, -0.4, -0.8]",Wed,x1^2,6.848374386869984,0.28307281685243657,0.9761086425612013
"[100, 1, 20, 5]","[1, 0.5, -0.4, -0.8]",Wed,x1^3,6.369830659229455,0.25869991989268704,0.9793308978852703
"[100, 1, 20, 5]","[1, 0.5, -0.4, -0.8]",Wed,x1x2,6.220047046787112,0.26261503195246566,0.9802915179404068
"[100, 1, 20, 5]","[1, 0.5, -0.4, -0.8]",Thu,x1,17.879984997972795,0.7563331373481045,0.8262305196716682
"[100, 1, 20, 5]","[1, 0.5, -0.4, -0.8]",Thu,x1^2,7.169669139930872,0.30333070158909664,0.9720592904017478
"[100, 1, 20, 5]","[1, 0.5, -0.4, -0.8]",Thu,x1^3,6.423737459807532,0.26239800811230246,0.9775707491598481
"[100, 1, 20, 5]","[1, 0.5, -0.4, -0.8]",Thu,x1x2,6.623709471140847,0.2802991147615947,0.9761525606706888
"[100, 1, 20, 5]","[1, 0.5, -0.4, -0.8]",Fri,x1,13.194125343907,0.5271037342974554,0.7616195935944604
"[100, 1, 20, 5]","[1, 0.5, -0.4, -0.8]",Fri,x1^2,7.3412672432365,0.29610045202049984,0.9262008410203353
"[100, 1, 20, 5]","[1, 0.5, -0.4, -0.8]",Fri,x1^3,5.574843343531557,0.2138599077351614,0.9574426398507376
"[100, 1, 20, 5]","[1, 0.5, -0.4, -0.8]",Fri,x1x2,6.9946764636633505,0.285626657497751,0.9330046582177463
"[100, 1, 20, 5]","[1, 0.5, -0.4, -0.8]",Sat,x1,13.482981078286112,0.5575864433919367,0.7381832911486594
"[100, 1, 20, 5]","[1, 0.5, -0.4, -0.8]",Sat,x1^2,6.091909232856009,0.2536250152440583,0.9465518894549321
"[100, 1, 20, 5]","[1, 0.5, -0.4, -0.8]",Sat,x1^3,3.942191551826277,0.15328900738860168,0.9776178936482884
"[100, 1, 20, 5]","[1, 0.5, -0.4, -0.8]",Sat,x1x2,6.003019859792778,0.2500465004409319,0.9481002734692332
"[100, 1, 20, 5]","[1, 0.5, -0.4, -0.8]",Sun,x1,17.61005604107948,0.7333818694324838,0.7728141154206647
"[100, 1, 20, 5]","[1, 0.5, -0.4, -0.8]",Sun,x1^2,5.749407570093889,0.23500086311754506,0.9757837962893615
"[100, 1, 20, 5]","[1, 0.5, -0.4, -0.8]",Sun,x1^3,4.21375450907625,0.15753275183307325,0.9869923653897283
"[100, 1, 20, 5]","[1, 0.5, -0.4, -0.8]",Sun,x1x2,5.637275899969017,0.23340678817421007,0.9767191705335343
"[100, 1, 20, 5]","[1, 0.5, -0.2, -0.4]",Mon,x1,15.53534828641845,0.7378202695898359,0.8508151772705417
"[100, 1, 20, 5]","[1, 0.5, -0.2, -0.4]",Mon,x1^2,6.267166396045376,0.289074817675849,0.9757213180762333
"[100, 1, 20, 5]","[1, 0.5, -0.2, -0.4]",Mon,x1^3,6.085991675396013,0.2868745598873336,0.9771047514660425
"[100, 1, 20, 5]","[1, 0.5, -0.2, -0.4]",Mon,x1x2,5.961045978255045,0.2655679105612395,0.9780351825836231
"[100, 1, 20, 5]","[1, 0.5, -0.2, -0.4]",Tue,x1,15.329067038029095,0.7303766572108301,0.8578324299708644
"[100, 1, 20, 5]","[1, 0.5, -0.2, -0.4]",Tue,x1^2,5.845214005123594,0.27245595253700516,0.9793285983378196
"[100, 1, 20, 5]","[1, 0.5, -0.2, -0.4]",Tue,x1^3,5.792249324157511,0.2729611252527334,0.979701516709734
"[100, 1, 20, 5]","[1, 0.5, -0.2, -0.4]",Tue,x1x2,5.484379635189115,0.25455070733178004,0.9818019810707208
"[100, 1, 20, 5]","[1, 0.5, -0.2, -0.4]",Wed,x1,15.961014144961588,0.7622978297954124,0.8401079420730694
"[100, 1, 20, 5]","[1, 0.5, -0.2, -0.4]",Wed,x1^2,6.137376986972663,0.2891392683111857,0.9763586905120755
"[100, 1, 20, 5]","[1, 0.5, -0.2, -0.4]",Wed,x1^3,6.002434760909146,0.2844460028101509,0.9773868624576572
"[100, 1, 20, 5]","[1, 0.5, -0.2, -0.4]",Wed,x1x2,5.828851953313712,0.2735986382832243,0.9786758378156771
"[100, 1, 20, 5]","[1, 0.5, -0.2, -0.4]",Thu,x1,15.026209475340142,0.7248901332091054,0.828887207878604
"[100, 1, 20, 5]","[1, 0.5, -0.2, -0.4]",Thu,x1^2,6.018232594068546,0.2857673536330589,0.9725513153967246
"[100, 1, 20, 5]","[1, 0.5, -0.2, -0.4]",Thu,x1^3,5.860687354802398,0.280331733386704,0.9739696080063469
"[100, 1, 20, 5]","[1, 0.5, -0.2, -0.4]",Thu,x1x2,5.588966402418169,0.263892252190455,0.9763273652177845
"[100, 1, 20, 5]","[1, 0.5, -0.2, -0.4]",Fri,x1,12.843124660395626,0.5747519486631533,0.762813640453283
"[100, 1, 20, 5]","[1, 0.5, -0.2, -0.4]",Fri,x1^2,6.83425160437268,0.3182940307635122,0.9328369762714637
"[100, 1, 20, 5]","[1, 0.5, -0.2, -0.4]",Fri,x1^3,5.069218185763725,0.22971031464920658,0.9630486523774398
"[100, 1, 20, 5]","[1, 0.5, -0.2, -0.4]",Fri,x1x2,6.643308090478932,0.3074813531003375,0.9365375110313655
"[100, 1, 20, 5]","[1, 0.5, -0.2, -0.4]",Sat,x1,13.482981078286176,0.6235289814819412,0.7381832911486575
"[100, 1, 20, 5]","[1, 0.5, -0.2, -0.4]",Sat,x1^2,6.091909232855972,0.2836533332673329,0.9465518894549328
"[100, 1, 20, 5]","[1, 0.5, -0.2, -0.4]",Sat,x1^3,3.942191551826238,0.17149489489882871,0.9776178936482889
"[100, 1, 20, 5]","[1, 0.5, -0.2, -0.4]",Sat,x1x2,6.003019859792814,0.27964674701207365,0.9481002734692326
"[100, 1, 20, 5]","[1, 0.5, -0.2, -0.4]",Sun,x1,17.07769829061557,0.8044695478068883,0.7773601737402498
"[100, 1, 20, 5]","[1, 0.5, -0.2, -0.4]",Sun,x1^2,5.442570060576768,0.25039633256648136,0.9773873095477008
"[100, 1, 20, 5]","[1, 0.5, -0.2, -0.4]",Sun,x1^3,4.171403457315937,0.17689836221907101,0.9867166206780897
"[100, 1, 20, 5]","[1, 0.5, -0.2, -0.4]",Sun,x1x2,5.321469934749299,0.24922153867954117,0.9783824034803846
"[100, 1, 20, 5]","[1, 0.5, 0.0, 0.0]",Mon,x1,9.089520068221074,0.6307673007040436,0.8655148628660553
"[100, 1, 20, 5]","[1, 0.5, 0.0, 0.0]",Mon,x1^2,5.965737156912078,0.4060818508920194,0.9420677208860042
"[100, 1, 20, 5]","[1, 0.5, 0.0, 0.0]",Mon,x1^3,4.598642997111814,0.30418247813267035,0.9655767575444222
"[100, 1, 20, 5]","[1, 0.5, 0.0, 0.0]",Mon,x1x2,5.913667529279673,0.39283994969508557,0.9430745865566798
"[100, 1, 20, 5]","[1, 0.5, 0.0, 0.0]",Tue,x1,10.939951643248266,0.7610623178558542,0.8436547459149468
"[100, 1, 20, 5]","[1, 0.5, 0.0, 0.0]",Tue,x1^2,5.93540754792263,0.4087538774339506,0.9539791127566671
"[100, 1, 20, 5]","[1, 0.5, 0.0, 0.0]",Tue,x1^3,5.316884147583596,0.35902111328799474,0.9630709366439324
"[100, 1, 20, 5]","[1, 0.5, 0.0, 0.0]",Tue,x1x2,5.893308676341682,0.41267579818745614,0.9546296347230696
"[100, 1, 20, 5]","[1, 0.5, 0.0, 0.0]",Wed,x1,11.007095584292792,0.7658121949386724,0.8446955651616903
"[100, 1, 20, 5]","[1, 0.5, 0.0, 0.0]",Wed,x1^2,5.581826718762605,0.391780819076493,0.960061561384698
"[100, 1, 20, 5]","[1, 0.5, 0.0, 0.0]",Wed,x1^3,5.1999135036668696,0.3595905001179727,0.9653398353920177
"[100, 1, 20, 5]","[1, 0.5, 0.0, 0.0]",Wed,x1x2,5.569484370530171,0.3874561676234923,0.9602379871902115
"[100, 1, 20, 5]","[1, 0.5, 0.0, 0.0]",Thu,x1,8.320558474912868,0.5755422464534186,0.8576658045139787
"[100, 1, 20, 5]","[1, 0.5, 0.0, 0.0]",Thu,x1^2,4.379120652863622,0.30824855866258777,0.9605744174863422
"[100, 1, 20, 5]","[1, 0.5, 0.0, 0.0]",Thu,x1^3,3.795335328206751,0.2582932438877735,0.9703854864786527
"[100, 1, 20, 5]","[1, 0.5, 0.0, 0.0]",Thu,x1x2,4.332979082164847,0.2991645613590898,0.9614008730535567
"[100, 1, 20, 5]","[1, 0.5, 0.0, 0.0]",Fri,x1,11.574886018344433,0.7949189606542494,0.7234670625674009
"[100, 1, 20, 5]","[1, 0.5, 0.0, 0.0]",Fri,x1^2,6.229951491813655,0.43749776736445684,0.9198907342803915
"[100, 1, 20, 5]","[1, 0.5, 0.0, 0.0]",Fri,x1^3,5.364147046986601,0.3542787890431889,0.9406098024317775
"[100, 1, 20, 5]","[1, 0.5, 0.0, 0.0]",Fri,x1x2,6.169356576344232,0.427732761798481,0.9214415030815701
"[100, 1, 20, 5]","[1, 0.5, 0.0, 0.0]",Sat,x1,13.537866901187133,0.9219373665047215,0.7342830300719247
"[100, 1, 20, 5]","[1, 0.5, 0.0, 0.0]",Sat,x1^2,6.155805358884236,0.421066746702999,0.9450600107431855
"[100, 1, 20, 5]","[1, 0.5, 0.0, 0.0]",Sat,x1^3,4.061750636775709,0.2587045397161368,0.9760808729368167
"[100, 1, 20, 5]","[1, 0.5, 0.0, 0.0]",Sat,x1x2,6.04589377508444,0.4144937322239997,0.9470043972092225
"[100, 1, 20, 5]","[1, 0.5, 0.0, 0.0]",Sun,x1,12.42109785823954,0.8841644214235855,0.8190892194448502
"[100, 1, 20, 5]","[1, 0.5, 0.0, 0.0]",Sun,x1^2,5.346929891172999,0.36037401453325746,0.9664761830882401
"[100, 1, 20, 5]","[1, 0.5, 0.0, 0.0]",Sun,x1^3,5.208030509984868,0.3637010637553943,0.968195284116099
"[100, 1, 20, 5]","[1, 0.5, 0.0, 0.0]",Sun,x1x2,5.223122159722988,0.3415290631671359,0.9680106918507285
"[100, 1, 20, 5]","[1, 0.5, 0.2, 0.4]",Mon,x1,8.253263560339203,0.6165842278328555,0.8758407141998622
"[100, 1, 20, 5]","[1, 0.5, 0.2, 0.4]",Mon,x1^2,4.622226690682359,0.36222075016328575,0.9610569233397164
"[100, 1, 20, 5]","[1, 0.5, 0.2, 0.4]",Mon,x1^3,3.4489655700862234,0.2507388023902789,0.9783176926947956
"[100, 1, 20, 5]","[1, 0.5, 0.2, 0.4]",Mon,x1x2,4.583509203224218,0.35402345803682234,0.961706594300511
"[100, 1, 20, 5]","[1, 0.5, 0.2, 0.4]",Tue,x1,8.908945394816618,0.6767398323666576,0.8531099296816841
"[100, 1, 20, 5]","[1, 0.5, 0.2, 0.4]",Tue,x1^2,4.5882116718835295,0.35537197470552606,0.9610393014158443
"[100, 1, 20, 5]","[1, 0.5, 0.2, 0.4]",Tue,x1^3,3.886896154233067,0.28531196365134653,0.9720394493401894
"[100, 1, 20, 5]","[1, 0.5, 0.2, 0.4]",Tue,x1x2,4.587374756113144,0.35592802447882244,0.9610535134232961
"[100, 1, 20, 5]","[1, 0.5, 0.2, 0.4]",Wed,x1,9.539501059790476,0.7236090710870957,0.8431816706410474
"[100, 1, 20, 5]","[1, 0.5, 0.2, 0.4]",Wed,x1^2,4.85928362581024,0.38269088158813797,0.9593097836574358
"[100, 1, 20, 5]","[1, 0.5, 0.2, 0.4]",Wed,x1^3,4.367120416659885,0.3342791688868374,0.9671348335733291
"[100, 1, 20, 5]","[1, 0.5, 0.2, 0.4]",Wed,x1x2,4.857416559222292,0.38109620439516856,0.9593410461867009
"[100, 1, 20, 5]","[1, 0.5, 0.2, 0.4]",Thu,x1,9.141027968136187,0.6941071224826852,0.8407582587244407
"[100, 1, 20, 5]","[1, 0.5, 0.2, 0.4]",Thu,x1^2,4.480418316947552,0.35315681300873375,0.961743611376916
"[100, 1, 20, 5]","[1, 0.5, 0.2, 0.4]",Thu,x1^3,4.062440723107745,0.31358507535542296,0.9685485323244277
"[100, 1, 20, 5]","[1, 0.5, 0.2, 0.4]",Thu,x1x2,4.405784647920922,0.33956641114414626,0.9630075263627844
"[100, 1, 20, 5]","[1, 0.5, 0.2, 0.4]",Fri,x1,10.912475560980404,0.834762574903711,0.7403758994781688
"[100, 1, 20, 5]","[1, 0.5, 0.2, 0.4]",Fri,x1^2,5.707658922183023,0.4416050734280216,0.928974473443882
"[100, 1, 20, 5]","[1, 0.5, 0.2, 0.4]",Fri,x1^3,4.952743796322599,0.3678817026600575,0.9465201522687111
"[100, 1, 20, 5]","[1, 0.5, 0.2, 0.4]",Fri,x1x2,5.629055104413097,0.4300913930108215,0.9309172786938671
"[100, 1, 20, 5]","[1, 0.5, 0.2, 0.4]",Sat,x1,11.626221686696663,0.9119380068240464,0.7777481095509595
"[100, 1, 20, 5]","[1, 0.5, 0.2, 0.4]",Sat,x1^2,4.916381797557456,0.37522790066197365,0.9602571078341726
"[100, 1, 20, 5]","[1, 0.5, 0.2, 0.4]",Sat,x1^3,3.71893921671547,0.2664188604571595,0.9772591640831938
"[100, 1, 20, 5]","[1, 0.5, 0.2, 0.4]",Sat,x1x2,4.774713589048508,0.36687991282389265,0.9625145338949443
"[100, 1, 20, 5]","[1, 0.5, 0.2, 0.4]",Sun,x1,9.824895914726257,0.7564520050803489,0.852825785961502
"[100, 1, 20, 5]","[1, 0.5, 0.2, 0.4]",Sun,x1^2,4.5439386824314765,0.34471448544185834,0.9685195643841676
"[100, 1, 20, 5]","[1, 0.5, 0.2, 0.4]",Sun,x1^3,4.133969038278175,0.3198320786632221,0.9739438498531423
"[100, 1, 20, 5]","[1, 0.5, 0.2, 0.4]",Sun,x1x2,4.394355263567775,0.3218260671579313,0.9705580793159971
"[100, 1, 20, 5]","[1, 0.5, 0.4, 0.8]",Mon,x1,8.258123169933622,0.6169954893229709,0.8757849621051494
"[100, 1, 20, 5]","[1, 0.5, 0.4, 0.8]",Mon,x1^2,4.624134648847156,0.36240670632121535,0.9610531437703611
"[100, 1, 20, 5]","[1, 0.5, 0.4, 0.8]",Mon,x1^3,3.451095698679576,0.25095782097386526,0.9783067076611409
"[100, 1, 20, 5]","[1, 0.5, 0.4, 0.8]",Mon,x1x2,4.585304296415024,0.3541887415646373,0.9617044960978547
"[100, 1, 20, 5]","[1, 0.5, 0.4, 0.8]",Tue,x1,8.903629904955423,0.676344309887634,0.8532322505615646
"[100, 1, 20, 5]","[1, 0.5, 0.4, 0.8]",Tue,x1^2,4.582404159077974,0.35498810263055497,0.9611238529045054
"[100, 1, 20, 5]","[1, 0.5, 0.4, 0.8]",Tue,x1^3,3.8813142963273037,0.2848942794267602,0.9721096438796727
"[100, 1, 20, 5]","[1, 0.5, 0.4, 0.8]",Tue,x1x2,4.58157160533113,0.35552564903363415,0.9611379780408106
"[100, 1, 20, 5]","[1, 0.5, 0.4, 0.8]",Wed,x1,9.53740041557826,0.7234744860389446,0.8431478013119302
"[100, 1, 20, 5]","[1, 0.5, 0.4, 0.8]",Wed,x1^2,4.858836246078046,0.38267836525909393,0.9592905623317249
"[100, 1, 20, 5]","[1, 0.5, 0.4, 0.8]",Wed,x1^3,4.366304047785163,0.33421045688526124,0.9671255476070992
"[100, 1, 20, 5]","[1, 0.5, 0.4, 0.8]",Wed,x1x2,4.856937021164632,0.38108027659636734,0.9593223811721134
"[100, 1, 20, 5]","[1, 0.5, 0.4, 0.8]",Thu,x1,9.141479660909157,0.6940329936485354,0.8408336913188236
"[100, 1, 20, 5]","[1, 0.5, 0.4, 0.8]",Thu,x1^2,4.471451189593432,0.3525688963591006,0.9619184042554187
"[100, 1, 20, 5]","[1, 0.5, 0.4, 0.8]",Thu,x1^3,4.0561701382330595,0.31316007244742633,0.968663500831019
"[100, 1, 20, 5]","[1, 0.5, 0.4, 0.8]",Thu,x1x2,4.396800403568001,0.33897350154163425,0.9631793329858273
"[100, 1, 20, 5]","[1, 0.5, 0.4, 0.8]",Fri,x1,10.909669826779433,0.834702738169236,0.7403377267165208
"[100, 1, 20, 5]","[1, 0.5, 0.4, 0.8]",Fri,x1^2,5.705871687859846,0.4414891975167725,0.928971990709687
"[100, 1, 20, 5]","[1, 0.5, 0.4, 0.8]",Fri,x1^3,4.951964308114889,0.367853739382421,0.9465016174222791
"[100, 1, 20, 5]","[1, 0.5, 0.4, 0.8]",Fri,x1x2,5.626245189356815,0.42987482333190724,0.9309405763104701
"[100, 1, 20, 5]","[1, 0.5, 0.4, 0.8]",Sat,x1,11.62453910663228,0.9118926310175264,0.7777833117699057
"[100, 1, 20, 5]","[1, 0.5, 0.4, 0.8]",Sat,x1^2,4.915906794745995,0.37518242918799444,0.9602595788403969
"[100, 1, 20, 5]","[1, 0.5, 0.4, 0.8]",Sat,x1^3,3.71972053019799,0.26651495125866004,0.9772466258341219
"[100, 1, 20, 5]","[1, 0.5, 0.4, 0.8]",Sat,x1x2,4.774144841506848,0.3668468807122939,0.9625185514491325
"[100, 1, 20, 5]","[1, 0.5, 0.4, 0.8]",Sun,x1,9.820815268915512,0.756139255804233,0.8528904388568379
"[100, 1, 20, 5]","[1, 0.5, 0.4, 0.8]",Sun,x1^2,4.540865022343467,0.3445437541180125,0.9685498297149909
"[100, 1, 20, 5]","[1, 0.5, 0.4, 0.8]",Sun,x1^3,4.130684303978257,0.31963631578208046,0.9739750547371304
"[100, 1, 20, 5]","[1, 0.5, 0.4, 0.8]",Sun,x1x2,4.391232236268879,0.3216705757931071,0.9705884015589161
"[100, 1, 20, 20]","[1, 0.5, -0.4, -0.8]",Mon,x1,30.76901965648158,1.1678439682011288,0.8168965818092174
"[100, 1, 20, 20]","[1, 0.5, -0.4, -0.8]",Mon,x1^2,9.91792553789664,0.3753716840946893,0.980975606510994
"[100, 1, 20, 20]","[1, 0.5, -0.4, -0.8]",Mon,x1^3,8.985026292402745,0.3296002737826838,0.9843862278331313
"[100, 1, 20, 20]","[1, 0.5, -0.4, -0.8]",Mon,x1x2,9.445143123988302,0.3613358920609612,0.9827461419847319
"[100, 1, 20, 20]","[1, 0.5, -0.4, -0.8]",Tue,x1,30.394956798297752,1.176993414974239,0.7795134406377849
"[100, 1, 20, 20]","[1, 0.5, -0.4, -0.8]",Tue,x1^2,11.399268282822915,0.4286497836401291,0.9689877690549243
"[100, 1, 20, 20]","[1, 0.5, -0.4, -0.8]",Tue,x1^3,10.477724292045872,0.3835267410332591,0.9737992940972843
"[100, 1, 20, 20]","[1, 0.5, -0.4, -0.8]",Tue,x1x2,9.960019774989242,0.383921811209244,0.9763244835706597
"[100, 1, 20, 20]","[1, 0.5, -0.4, -0.8]",Wed,x1,30.20137618300037,1.1715640840521881,0.7853479722734686
"[100, 1, 20, 20]","[1, 0.5, -0.4, -0.8]",Wed,x1^2,11.479798801212507,0.43924602562302584,0.9689865498535477
"[100, 1, 20, 20]","[1, 0.5, -0.4, -0.8]",Wed,x1^3,10.295570122662395,0.38394379448389115,0.9750550675900508
"[100, 1, 20, 20]","[1, 0.5, -0.4, -0.8]",Wed,x1x2,10.466181991924055,0.40725377449030087,0.9742214732207928
"[100, 1, 20, 20]","[1, 0.5, -0.4, -0.8]",Thu,x1,29.0322935369792,1.1327189642122193,0.8044419299753521
"[100, 1, 20, 20]","[1, 0.5, -0.4, -0.8]",Thu,x1^2,11.523191691822907,0.44790442891415466,0.9691923463477845
"[100, 1, 20, 20]","[1, 0.5, -0.4, -0.8]",Thu,x1^3,10.321289196106727,0.3876034295122598,0.9752838430808534
"[100, 1, 20, 20]","[1, 0.5, -0.4, -0.8]",Thu,x1x2,10.558050629510351,0.4114789362475839,0.9741369028847364
"[100, 1, 20, 20]","[1, 0.5, -0.4, -0.8]",Fri,x1,21.206520737660757,0.7779416663956505,0.8899838205524869
"[100, 1, 20, 20]","[1, 0.5, -0.4, -0.8]",Fri,x1^2,11.453470265604455,0.4236350175552744,0.9679083607645228
"[100, 1, 20, 20]","[1, 0.5, -0.4, -0.8]",Fri,x1^3,8.696160077622295,0.30941006625003625,0.9814999557524045
"[100, 1, 20, 20]","[1, 0.5, -0.4, -0.8]",Fri,x1x2,10.937815413678775,0.40793474449568123,0.9707329536142809
"[100, 1, 20, 20]","[1, 0.5, -0.4, -0.8]",Sat,x1,21.517065911939078,0.8011041507115677,0.9317554600290504
"[100, 1, 20, 20]","[1, 0.5, -0.4, -0.8]",Sat,x1^2,9.581048285029723,0.3595888204713916,0.9864690631278207
"[100, 1, 20, 20]","[1, 0.5, -0.4, -0.8]",Sat,x1^3,6.237466132919379,0.2209171463364238,0.994265200861604
"[100, 1, 20, 20]","[1, 0.5, -0.4, -0.8]",Sat,x1x2,9.451200206972503,0.3553585726651433,0.9868333365077129
"[100, 1, 20, 20]","[1, 0.5, -0.4, -0.8]",Sun,x1,28.072669135665116,1.0560132171396517,0.8770238085090507
"[100, 1, 20, 20]","[1, 0.5, -0.4, -0.8]",Sun,x1^2,9.074606558354544,0.33679823154237937,0.9871498193163019
"[100, 1, 20, 20]","[1, 0.5, -0.4, -0.8]",Sun,x1^3,6.6559565299905525,0.22807932814780094,0.993086872309896
"[100, 1, 20, 20]","[1, 0.5, -0.4, -0.8]",Sun,x1x2,8.909082131422862,0.33474534384354404,0.9876143287022224
"[100, 1, 20, 20]","[1, 0.5, -0.2, -0.4]",Mon,x1,28.261157401548303,1.1683783192489408,0.8347785832741885
"[100, 1, 20, 20]","[1, 0.5, -0.2, -0.4]",Mon,x1^2,9.40015330376869,0.3834383731634253,0.981720836104576
"[100, 1, 20, 20]","[1, 0.5, -0.2, -0.4]",Mon,x1^3,8.997438515708987,0.3681098621115583,0.9832534932374478
"[100, 1, 20, 20]","[1, 0.5, -0.2, -0.4]",Mon,x1x2,8.893815432650648,0.3651516672851234,0.9836370094640422
"[100, 1, 20, 20]","[1, 0.5, -0.2, -0.4]",Tue,x1,28.941107906405026,1.2155296631704833,0.7897323718845216
"[100, 1, 20, 20]","[1, 0.5, -0.2, -0.4]",Tue,x1^2,10.393441461669067,0.4321222322885251,0.9728817999968615
"[100, 1, 20, 20]","[1, 0.5, -0.2, -0.4]",Tue,x1^3,9.796913762622449,0.3975398451935526,0.975905346725965
"[100, 1, 20, 20]","[1, 0.5, -0.2, -0.4]",Tue,x1x2,9.420750494071157,0.3952129713103979,0.9777201063070313
"[100, 1, 20, 20]","[1, 0.5, -0.2, -0.4]",Wed,x1,28.22844780417355,1.1873994518831148,0.8012281589881902
"[100, 1, 20, 20]","[1, 0.5, -0.2, -0.4]",Wed,x1^2,10.652200533879132,0.438769511980938,0.9716952364694558
"[100, 1, 20, 20]","[1, 0.5, -0.2, -0.4]",Wed,x1^3,10.003730125261413,0.40850772927643514,0.9750365389529423
"[100, 1, 20, 20]","[1, 0.5, -0.2, -0.4]",Wed,x1x2,9.718866179687154,0.40632763047999215,0.9764380045274798
"[100, 1, 20, 20]","[1, 0.5, -0.2, -0.4]",Thu,x1,28.623396328692234,1.1983892263070126,0.808198217292403
"[100, 1, 20, 20]","[1, 0.5, -0.2, -0.4]",Thu,x1^2,11.094567173440774,0.4689687479237896,0.9711841762318306
"[100, 1, 20, 20]","[1, 0.5, -0.2, -0.4]",Thu,x1^3,10.000790615723714,0.4097379420662745,0.9765858184906454
"[100, 1, 20, 20]","[1, 0.5, -0.2, -0.4]",Thu,x1x2,10.325381235613586,0.43310256805023745,0.975041268853306
"[100, 1, 20, 20]","[1, 0.5, -0.2, -0.4]",Fri,x1,21.182148842421746,0.8342275024552124,0.8902260100600334
"[100, 1, 20, 20]","[1, 0.5, -0.2, -0.4]",Fri,x1^2,11.417228451934895,0.45413157815458766,0.9681080700757915
"[100, 1, 20, 20]","[1, 0.5, -0.2, -0.4]",Fri,x1^3,8.658621011046913,0.33181514655731914,0.981657569559371
"[100, 1, 20, 20]","[1, 0.5, -0.2, -0.4]",Fri,x1x2,10.911523394461604,0.43729514574741757,0.9708706901487376
"[100, 1, 20, 20]","[1, 0.5, -0.2, -0.4]",Sat,x1,21.517065911939152,0.8609180536687842,0.9317554600290501
"[100, 1, 20, 20]","[1, 0.5, -0.2, -0.4]",Sat,x1^2,9.581048285029889,0.3865359344587071,0.9864690631278202
"[100, 1, 20, 20]","[1, 0.5, -0.2, -0.4]",Sat,x1^3,6.237466132919556,0.23768458976696616,0.9942652008616036
"[100, 1, 20, 20]","[1, 0.5, -0.2, -0.4]",Sat,x1x2,9.451200206972647,0.38196887514864114,0.9868333365077125
"[100, 1, 20, 20]","[1, 0.5, -0.2, -0.4]",Sun,x1,28.072669135665127,1.1392637435638497,0.87702380850905
"[100, 1, 20, 20]","[1, 0.5, -0.2, -0.4]",Sun,x1^2,9.07460655835458,0.3635634500783455,0.9871498193163017
"[100, 1, 20, 20]","[1, 0.5, -0.2, -0.4]",Sun,x1^3,6.655956529990515,0.2464290950813997,0.9930868723098961
"[100, 1, 20, 20]","[1, 0.5, -0.2, -0.4]",Sun,x1x2,8.909082131422952,0.3613143409256002,0.9876143287022221
"[100, 1, 20, 20]","[1, 0.5, 0.0, 0.0]",Mon,x1,22.246916148225598,1.2442353846032783,0.8817078061306706
"[100, 1, 20, 20]","[1, 0.5, 0.0, 0.0]",Mon,x1^2,8.616752401106679,0.48648307892007997,0.9822538691972652
"[100, 1, 20, 20]","[1, 0.5, 0.0, 0.0]",Mon,x1^3,8.090645365407322,0.4577376291110161,0.9843547401316435
"[100, 1, 20, 20]","[1, 0.5, 0.0, 0.0]",Mon,x1x2,8.284262739126023,0.4485000531110074,0.9835969662244097
"[100, 1, 20, 20]","[1, 0.5, 0.0, 0.0]",Tue,x1,23.68171682786327,1.337575856096173,0.834456118793239
"[100, 1, 20, 20]","[1, 0.5, 0.0, 0.0]",Tue,x1^2,8.594750802455552,0.48387140177303045,0.9781951379229229
"[100, 1, 20, 20]","[1, 0.5, 0.0, 0.0]",Tue,x1^3,8.500641716671023,0.48011989745116723,0.9786700327040871
"[100, 1, 20, 20]","[1, 0.5, 0.0, 0.0]",Tue,x1x2,8.339539633010633,0.46804327007331953,0.9794708522915598
"[100, 1, 20, 20]","[1, 0.5, 0.0, 0.0]",Wed,x1,22.657572004671604,1.2790553774044182,0.8538241468727233
"[100, 1, 20, 20]","[1, 0.5, 0.0, 0.0]",Wed,x1^2,8.5053004065176,0.48021272326119374,0.9794018500942967
"[100, 1, 20, 20]","[1, 0.5, 0.0, 0.0]",Wed,x1^3,8.363575936456515,0.47196190052525905,0.9800825879399845
"[100, 1, 20, 20]","[1, 0.5, 0.0, 0.0]",Wed,x1x2,8.045136970406444,0.45063466857862705,0.9815704052977683
"[100, 1, 20, 20]","[1, 0.5, 0.0, 0.0]",Thu,x1,22.829644935911652,1.282233121056961,0.864817831022862
"[100, 1, 20, 20]","[1, 0.5, 0.0, 0.0]",Thu,x1^2,8.658473518258424,0.4922078370789086,0.9805551873882543
"[100, 1, 20, 20]","[1, 0.5, 0.0, 0.0]",Thu,x1^3,8.514486737905546,0.484542297040554,0.9811965282067788
"[100, 1, 20, 20]","[1, 0.5, 0.0, 0.0]",Thu,x1x2,8.250477189496953,0.46577727679628894,0.9823445320812082
"[100, 1, 20, 20]","[1, 0.5, 0.0, 0.0]",Fri,x1,20.58912743470191,1.0735867793645661,0.8963445089357994
"[100, 1, 20, 20]","[1, 0.5, 0.0, 0.0]",Fri,x1^2,10.577522214076703,0.5731517912731766,0.9726420014444499
"[100, 1, 20, 20]","[1, 0.5, 0.0, 0.0]",Fri,x1^3,7.912526412855493,0.425032952052782,0.9846910016715398
"[100, 1, 20, 20]","[1, 0.5, 0.0, 0.0]",Fri,x1x2,10.347684916974899,0.5550989221618993,0.9738179997647614
"[100, 1, 20, 20]","[1, 0.5, 0.0, 0.0]",Sat,x1,21.51706591193904,1.1464333406587468,0.9317554600290507
"[100, 1, 20, 20]","[1, 0.5, 0.0, 0.0]",Sat,x1^2,9.581048285029794,0.5153612505343933,0.9864690631278205
"[100, 1, 20, 20]","[1, 0.5, 0.0, 0.0]",Sat,x1^3,6.237466132919446,0.31826623761558775,0.9942652008616039
"[100, 1, 20, 20]","[1, 0.5, 0.0, 0.0]",Sat,x1x2,9.451200206972509,0.5091474170407075,0.9868333365077129
"[100, 1, 20, 20]","[1, 0.5, 0.0, 0.0]",Sun,x1,24.437986572607198,1.3549767468754221,0.9043399251697284
"[100, 1, 20, 20]","[1, 0.5, 0.0, 0.0]",Sun,x1^2,7.7569029254760995,0.4164898743698838,0.9903622293877427
"[100, 1, 20, 20]","[1, 0.5, 0.0, 0.0]",Sun,x1^3,6.963665016811016,0.3834062392355432,0.9922326009879029
"[100, 1, 20, 20]","[1, 0.5, 0.0, 0.0]",Sun,x1x2,7.550425101630388,0.4069922601747768,0.9908684882932658
"[100, 1, 20, 20]","[1, 0.5, 0.2, 0.4]",Mon,x1,20.49848713480268,1.2360595763769162,0.895685712585918
"[100, 1, 20, 20]","[1, 0.5, 0.2, 0.4]",Mon,x1^2,7.0041597889155005,0.4437890880556256,0.9878209821535129
"[100, 1, 20, 20]","[1, 0.5, 0.2, 0.4]",Mon,x1^3,6.526428247980501,0.40262434076406717,0.9894257076874436
"[100, 1, 20, 20]","[1, 0.5, 0.2, 0.4]",Mon,x1x2,6.758131329121004,0.4256830971583875,0.9886615567572108
"[100, 1, 20, 20]","[1, 0.5, 0.2, 0.4]",Tue,x1,20.603472944579824,1.2808100719627653,0.8647229582816031
"[100, 1, 20, 20]","[1, 0.5, 0.2, 0.4]",Tue,x1^2,6.779856698747127,0.4337494744444966,0.9853517999277231
"[100, 1, 20, 20]","[1, 0.5, 0.2, 0.4]",Tue,x1^3,6.628172934408606,0.41451730496896033,0.9859999077947312
"[100, 1, 20, 20]","[1, 0.5, 0.2, 0.4]",Tue,x1x2,6.518514986228516,0.41838400082983673,0.9864593170107566
"[100, 1, 20, 20]","[1, 0.5, 0.2, 0.4]",Wed,x1,21.602319798465693,1.3310164502962851,0.8644369083719009
"[100, 1, 20, 20]","[1, 0.5, 0.2, 0.4]",Wed,x1^2,7.680168746239981,0.4884532770844166,0.9828650750225927
"[100, 1, 20, 20]","[1, 0.5, 0.2, 0.4]",Wed,x1^3,7.592301496700954,0.4764694915051883,0.9832549065884792
"[100, 1, 20, 20]","[1, 0.5, 0.2, 0.4]",Wed,x1x2,7.432928624319681,0.4759166184988685,0.9839505332433944
"[100, 1, 20, 20]","[1, 0.5, 0.2, 0.4]",Thu,x1,21.59952358053115,1.3369910031319876,0.8766981770594612
"[100, 1, 20, 20]","[1, 0.5, 0.2, 0.4]",Thu,x1^2,7.8896603908913825,0.501484330888992,0.9835487927992996
"[100, 1, 20, 20]","[1, 0.5, 0.2, 0.4]",Thu,x1^3,7.752788804503005,0.4905141309476273,0.9841146400464027
"[100, 1, 20, 20]","[1, 0.5, 0.2, 0.4]",Thu,x1x2,7.482090265684305,0.47750986659641353,0.9852045887925867
"[100, 1, 20, 20]","[1, 0.5, 0.2, 0.4]",Fri,x1,19.877210586337526,1.1598996634415357,0.9040852434044981
"[100, 1, 20, 20]","[1, 0.5, 0.2, 0.4]",Fri,x1^2,9.991020076666553,0.6057953158885393,0.9757677235610435
"[100, 1, 20, 20]","[1, 0.5, 0.2, 0.4]",Fri,x1^3,7.580767443216248,0.4581139043385332,0.9860491426118265
"[100, 1, 20, 20]","[1, 0.5, 0.2, 0.4]",Fri,x1x2,9.768657492970961,0.5867579639427938,0.976834359264329
"[100, 1, 20, 20]","[1, 0.5, 0.2, 0.4]",Sat,x1,20.523616092966595,1.2313894345555632,0.9381245491543289
"[100, 1, 20, 20]","[1, 0.5, 0.2, 0.4]",Sat,x1^2,8.821255870723352,0.5355354194773951,0.9885693362189755
"[100, 1, 20, 20]","[1, 0.5, 0.2, 0.4]",Sat,x1^3,5.872952348922223,0.33546316666352693,0.994933318950781
"[100, 1, 20, 20]","[1, 0.5, 0.2, 0.4]",Sat,x1x2,8.673528401903742,0.5239413240743358,0.9889489836451987
"[100, 1, 20, 20]","[1, 0.5, 0.2, 0.4]",Sun,x1,21.171430754680095,1.2989646024667167,0.9263458238521708
"[100, 1, 20, 20]","[1, 0.5, 0.2, 0.4]",Sun,x1^2,6.433150427022773,0.3885910909789632,0.9931994447607976
"[100, 1, 20, 20]","[1, 0.5, 0.2, 0.4]",Sun,x1^3,6.061600655618398,0.37511058001425013,0.9939622990042293
"[100, 1, 20, 20]","[1, 0.5, 0.2, 0.4]",Sun,x1x2,6.192169561907129,0.3734275424099907,0.9936993893961704
"[100, 1, 20, 20]","[1, 0.5, 0.4, 0.8]",Mon,x1,20.547078294400517,1.240632775637445,0.8952913602174773
"[100, 1, 20, 20]","[1, 0.5, 0.4, 0.8]",Mon,x1^2,7.016837819049339,0.44517215684503514,0.9877886060041681
"[100, 1, 20, 20]","[1, 0.5, 0.4, 0.8]",Mon,x1^3,6.543363475233399,0.40445866339176895,0.989380979548484
"[100, 1, 20, 20]","[1, 0.5, 0.4, 0.8]",Mon,x1x2,6.771199690426218,0.42697094901026666,0.9886286085505843
"[100, 1, 20, 20]","[1, 0.5, 0.4, 0.8]",Tue,x1,20.56180577565176,1.2796814479940177,0.8651289705925913
"[100, 1, 20, 20]","[1, 0.5, 0.4, 0.8]",Tue,x1^2,6.752403927840019,0.4323010738099704,0.9854550244726306
"[100, 1, 20, 20]","[1, 0.5, 0.4, 0.8]",Tue,x1^3,6.5992332259381605,0.41317570891616545,0.9861074131141256
"[100, 1, 20, 20]","[1, 0.5, 0.4, 0.8]",Tue,x1x2,6.482786154382234,0.4164837455907037,0.9865933719987914
"[100, 1, 20, 20]","[1, 0.5, 0.4, 0.8]",Wed,x1,21.56007298507945,1.329285498466829,0.8648602585431062
"[100, 1, 20, 20]","[1, 0.5, 0.4, 0.8]",Wed,x1^2,7.64935405241346,0.48695357248943505,0.9829889094634793
"[100, 1, 20, 20]","[1, 0.5, 0.4, 0.8]",Wed,x1^3,7.562043362597524,0.4748909062045414,0.9833750266764247
"[100, 1, 20, 20]","[1, 0.5, 0.4, 0.8]",Wed,x1x2,7.402409712536586,0.4744395254847356,0.9840695197569944
"[100, 1, 20, 20]","[1, 0.5, 0.4, 0.8]",Thu,x1,21.689165334830925,1.3439679185206528,0.8757681663209805
"[100, 1, 20, 20]","[1, 0.5, 0.4, 0.8]",Thu,x1^2,7.910543272657984,0.503306434551345,0.9834743010104952
"[100, 1, 20, 20]","[1, 0.5, 0.4, 0.8]",Thu,x1^3,7.773357727432215,0.4924056684532314,0.9840425120441842
"[100, 1, 20, 20]","[1, 0.5, 0.4, 0.8]",Thu,x1x2,7.5013437213888965,0.47976811568493416,0.9851397762541001
"[100, 1, 20, 20]","[1, 0.5, 0.4, 0.8]",Fri,x1,19.787142830356764,1.1580094282971036,0.9050257535534949
"[100, 1, 20, 20]","[1, 0.5, 0.4, 0.8]",Fri,x1^2,9.925389155811578,0.6034951902854521,0.9761034741565524
"[100, 1, 20, 20]","[1, 0.5, 0.4, 0.8]",Fri,x1^3,7.538184492551402,0.45627178086466835,0.9862160654032451
"[100, 1, 20, 20]","[1, 0.5, 0.4, 0.8]",Fri,x1x2,9.697443560828741,0.583717254094197,0.9771884812676821
"[100, 1, 20, 20]","[1, 0.5, 0.4, 0.8]",Sat,x1,20.494019026518348,1.2315230280993663,0.9383143170716881
"[100, 1, 20, 20]","[1, 0.5, 0.4, 0.8]",Sat,x1^2,8.800789319216364,0.5351179937559242,0.9886244250479471
"[100, 1, 20, 20]","[1, 0.5, 0.4, 0.8]",Sat,x1^3,5.869314725167954,0.3356300488271349,0.9949405314232207
"[100, 1, 20, 20]","[1, 0.5, 0.4, 0.8]",Sat,x1x2,8.651274949438735,0.5233480346202777,0.9890076553533752
"[100, 1, 20, 20]","[1, 0.5, 0.4, 0.8]",Sun,x1,21.130501780808125,1.297557626750613,0.926609655272339
"[100, 1, 20, 20]","[1, 0.5, 0.4, 0.8]",Sun,x1^2,6.414010958910063,0.3876706340109356,0.993237944944521
"[100, 1, 20, 20]","[1, 0.5, 0.4, 0.8]",Sun,x1^3,6.044384347233722,0.37414361858789447,0.9939948556456547
"[100, 1, 20, 20]","[1, 0.5, 0.4, 0.8]",Sun,x1x2,6.172186107146787,0.3727725923434763,0.9937382268147515
"[100, 1, 20, 80]","[1, 0.5, -0.4, -0.8]",Mon,x1,77.62583491025114,2.5615830130939274,0.9085808057145757
"[100, 1, 20, 80]","[1, 0.5, -0.4, -0.8]",Mon,x1^2,24.551321787188037,0.8305258499460101,0.9908551922922222
"[100, 1, 20, 80]","[1, 0.5, -0.4, -0.8]",Mon,x1^3,22.12566075432697,0.7331979248412432,0.9925729333855854
"[100, 1, 20, 80]","[1, 0.5, -0.4, -0.8]",Mon,x1x2,23.473095999023634,0.7956895037413002,0.9916407835538017
"[100, 1, 20, 80]","[1, 0.5, -0.4, -0.8]",Tue,x1,76.78665138291139,2.650698589663203,0.8869834930413167
"[100, 1, 20, 80]","[1, 0.5, -0.4, -0.8]",Tue,x1^2,27.83615300846644,0.9533949483373263,0.9851478662028637
"[100, 1, 20, 80]","[1, 0.5, -0.4, -0.8]",Tue,x1^3,25.593675744922983,0.8647005204905683,0.9874444497730879
"[100, 1, 20, 80]","[1, 0.5, -0.4, -0.8]",Tue,x1x2,24.571173906972476,0.8498110113922066,0.9884276320362595
"[100, 1, 20, 80]","[1, 0.5, -0.4, -0.8]",Wed,x1,76.09618684598094,2.599484353389805,0.8986277736396138
"[100, 1, 20, 80]","[1, 0.5, -0.4, -0.8]",Wed,x1^2,28.073587512350777,0.9668032775090833,0.9862028615052658
"[100, 1, 20, 80]","[1, 0.5, -0.4, -0.8]",Wed,x1^3,25.19443776339733,0.8577818191235518,0.9888877363485822
"[100, 1, 20, 80]","[1, 0.5, -0.4, -0.8]",Wed,x1x2,25.779345125107458,0.8908108469947277,0.9883657884576381
"[100, 1, 20, 80]","[1, 0.5, -0.4, -0.8]",Thu,x1,73.25675195844822,2.4976723644301138,0.9147601638866394
"[100, 1, 20, 80]","[1, 0.5, -0.4, -0.8]",Thu,x1^2,28.246900094648602,0.9809537450139902,0.9873267245090006
"[100, 1, 20, 80]","[1, 0.5, -0.4, -0.8]",Thu,x1^3,25.300891863741857,0.8626438309790332,0.989832388381038
"[100, 1, 20, 80]","[1, 0.5, -0.4, -0.8]",Thu,x1x2,26.0161400825144,0.8946417813646049,0.9892493923439606
"[100, 1, 20, 80]","[1, 0.5, -0.4, -0.8]",Fri,x1,53.355561486880816,1.6714500429493178,0.9634274165204151
"[100, 1, 20, 80]","[1, 0.5, -0.4, -0.8]",Fri,x1^2,27.92393545726873,0.8900530645246525,0.9899827271827849
"[100, 1, 20, 80]","[1, 0.5, -0.4, -0.8]",Fri,x1^3,21.19396653653316,0.6684716742357117,0.9942294030835721
"[100, 1, 20, 80]","[1, 0.5, -0.4, -0.8]",Fri,x1x2,26.731315958410338,0.8526609405881281,0.9908201215838124
"[100, 1, 20, 80]","[1, 0.5, -0.4, -0.8]",Sat,x1,53.710549413884884,1.6422484618514341,0.9741599367152551
"[100, 1, 20, 80]","[1, 0.5, -0.4, -0.8]",Sat,x1^2,23.572071521864352,0.7329512857492233,0.9950229742977627
"[100, 1, 20, 80]","[1, 0.5, -0.4, -0.8]",Sat,x1^3,15.423720672703347,0.46671003423527985,0.9978691509457113
"[100, 1, 20, 80]","[1, 0.5, -0.4, -0.8]",Sat,x1x2,23.277854974195694,0.7246808892280695,0.9951464411546074
"[100, 1, 20, 80]","[1, 0.5, -0.4, -0.8]",Sun,x1,69.9568505772711,2.191850366592435,0.9493617097325717
"[100, 1, 20, 80]","[1, 0.5, -0.4, -0.8]",Sun,x1^2,22.39999321636008,0.7074728859795997,0.9948082435816736
"[100, 1, 20, 80]","[1, 0.5, -0.4, -0.8]",Sun,x1^3,16.42750150593327,0.49313128030603,0.9972077032798518
"[100, 1, 20, 80]","[1, 0.5, -0.4, -0.8]",Sun,x1x2,22.0203103023975,0.7035407269387131,0.9949827538999245
"[100, 1, 20, 80]","[1, 0.5, -0.2, -0.4]",Mon,x1,77.44645764687608,2.5616481246377325,0.9090455618912148
"[100, 1, 20, 80]","[1, 0.5, -0.2, -0.4]",Mon,x1^2,24.477933473453866,0.8303173585820219,0.9909140513274478
"[100, 1, 20, 80]","[1, 0.5, -0.2, -0.4]",Mon,x1^3,22.10354013821773,0.734631770706188,0.9925912583294481
"[100, 1, 20, 80]","[1, 0.5, -0.2, -0.4]",Mon,x1x2,23.39625883944705,0.7950568404803502,0.9916993211068815
"[100, 1, 20, 80]","[1, 0.5, -0.2, -0.4]",Tue,x1,76.76909280447069,2.6550812248652274,0.8870390999267765
"[100, 1, 20, 80]","[1, 0.5, -0.2, -0.4]",Tue,x1^2,27.810823826856524,0.954832788715743,0.9851753982549777
"[100, 1, 20, 80]","[1, 0.5, -0.2, -0.4]",Tue,x1^3,25.572804436598773,0.866092483366747,0.9874653548985393
"[100, 1, 20, 80]","[1, 0.5, -0.2, -0.4]",Tue,x1x2,24.57065839191515,0.8511748976733008,0.988428519840185
"[100, 1, 20, 80]","[1, 0.5, -0.2, -0.4]",Wed,x1,76.0961868459807,2.604349571738202,0.8986277736396144
"[100, 1, 20, 80]","[1, 0.5, -0.2, -0.4]",Wed,x1^2,28.073587512350777,0.9686518139848854,0.9862028615052658
"[100, 1, 20, 80]","[1, 0.5, -0.2, -0.4]",Wed,x1^3,25.194437763397378,0.859453862869702,0.9888877363485821
"[100, 1, 20, 80]","[1, 0.5, -0.2, -0.4]",Wed,x1x2,25.77934512510739,0.8924951914981872,0.9883657884576382
"[100, 1, 20, 80]","[1, 0.5, -0.2, -0.4]",Thu,x1,73.2567519584483,2.502580526000849,0.914760163886639
"[100, 1, 20, 80]","[1, 0.5, -0.2, -0.4]",Thu,x1^2,28.246900094648684,0.9829293729666871,0.9873267245090005
"[100, 1, 20, 80]","[1, 0.5, -0.2, -0.4]",Thu,x1^3,25.300891863741874,0.8644171493497336,0.989832388381038
"[100, 1, 20, 80]","[1, 0.5, -0.2, -0.4]",Thu,x1x2,26.016140082514465,0.8964220891581545,0.9892493923439606
"[100, 1, 20, 80]","[1, 0.5, -0.2, -0.4]",Fri,x1,53.35556148688079,1.6747540704764228,0.9634274165204151
"[100, 1, 20, 80]","[1, 0.5, -0.2, -0.4]",Fri,x1^2,27.923935457268698,0.8918401858901261,0.9899827271827849
"[100, 1, 20, 80]","[1, 0.5, -0.2, -0.4]",Fri,x1^3,21.193966536533157,0.6698596153694873,0.9942294030835721
"[100, 1, 20, 80]","[1, 0.5, -0.2, -0.4]",Fri,x1x2,26.731315958410196,0.8543625037192804,0.9908201215838125
"[100, 1, 20, 80]","[1, 0.5, -0.2, -0.4]",Sat,x1,53.710549413884806,1.6454571166730512,0.9741599367152551
"[100, 1, 20, 80]","[1, 0.5, -0.2, -0.4]",Sat,x1^2,23.572071521864306,0.7344069230330171,0.9950229742977628
"[100, 1, 20, 80]","[1, 0.5, -0.2, -0.4]",Sat,x1^3,15.423720672703311,0.46767844464445774,0.9978691509457113
"[100, 1, 20, 80]","[1, 0.5, -0.2, -0.4]",Sat,x1x2,23.277854974195723,0.7261163169036944,0.9951464411546074
"[100, 1, 20, 80]","[1, 0.5, -0.2, -0.4]",Sun,x1,69.95685057727073,2.19641026221742,0.9493617097325722
"[100, 1, 20, 80]","[1, 0.5, -0.2, -0.4]",Sun,x1^2,22.399993216360183,0.7089921311070324,0.9948082435816735
"[100, 1, 20, 80]","[1, 0.5, -0.2, -0.4]",Sun,x1^3,16.427501505933314,0.4942336599149279,0.9972077032798518
"[100, 1, 20, 80]","[1, 0.5, -0.2, -0.4]",Sun,x1x2,22.02031030239755,0.7050480525360419,0.9949827538999245
"[100, 1, 20, 80]","[1, 0.5, 0.0, 0.0]",Mon,x1,72.04871699829326,2.8181091220467387,0.9220144380371189
"[100, 1, 20, 80]","[1, 0.5, 0.0, 0.0]",Mon,x1^2,22.80243614555416,0.9211447045449297,0.9921886841401956
"[100, 1, 20, 80]","[1, 0.5, 0.0, 0.0]",Mon,x1^3,21.504251345611163,0.8634634369888434,0.9930527911032214
"[100, 1, 20, 80]","[1, 0.5, 0.0, 0.0]",Mon,x1x2,21.66014312014576,0.8725092982735994,0.9929517005539257
"[100, 1, 20, 80]","[1, 0.5, 0.0, 0.0]",Tue,x1,73.03186065821461,2.984536762921642,0.8995365698837785
"[100, 1, 20, 80]","[1, 0.5, 0.0, 0.0]",Tue,x1^2,25.56812966052464,1.0522283618767128,0.9876865091698467
"[100, 1, 20, 80]","[1, 0.5, 0.0, 0.0]",Tue,x1^3,24.136615421983297,0.9820684542274059,0.9890267313286383
"[100, 1, 20, 80]","[1, 0.5, 0.0, 0.0]",Tue,x1x2,23.070609964644458,0.9529257994901816,0.9899746065594216
"[100, 1, 20, 80]","[1, 0.5, 0.0, 0.0]",Wed,x1,69.98945730311611,2.80476721618439,0.9160627301496151
"[100, 1, 20, 80]","[1, 0.5, 0.0, 0.0]",Wed,x1^2,25.1151848845956,1.0189276753989416,0.9891915766683463
"[100, 1, 20, 80]","[1, 0.5, 0.0, 0.0]",Wed,x1^3,23.51452671044045,0.9558148248848285,0.9905253741033891
"[100, 1, 20, 80]","[1, 0.5, 0.0, 0.0]",Wed,x1x2,22.922059044543595,0.9334932652940473,0.990996801178645
"[100, 1, 20, 80]","[1, 0.5, 0.0, 0.0]",Thu,x1,72.67455773832661,2.8687861282935896,0.916390739145925
"[100, 1, 20, 80]","[1, 0.5, 0.0, 0.0]",Thu,x1^2,27.467478816756913,1.1223455037054246,0.9880566217844069
"[100, 1, 20, 80]","[1, 0.5, 0.0, 0.0]",Thu,x1^3,24.74691576436745,0.9972747894788436,0.9903053586070046
"[100, 1, 20, 80]","[1, 0.5, 0.0, 0.0]",Thu,x1x2,25.77724281110506,1.0352783995774961,0.9894812892238143
"[100, 1, 20, 80]","[1, 0.5, 0.0, 0.0]",Fri,x1,53.34718403412911,1.9398555159879594,0.9634397668124379
"[100, 1, 20, 80]","[1, 0.5, 0.0, 0.0]",Fri,x1^2,27.911270689318254,1.0355387229578765,0.989992048900318
"[100, 1, 20, 80]","[1, 0.5, 0.0, 0.0]",Fri,x1^3,21.181034930375716,0.7820894272510308,0.99423657945599
"[100, 1, 20, 80]","[1, 0.5, 0.0, 0.0]",Fri,x1x2,26.72212626111832,0.9910640051360535,0.9908266496437705
"[100, 1, 20, 80]","[1, 0.5, 0.0, 0.0]",Sat,x1,53.71054941388485,1.9027224772337104,0.9741599367152551
"[100, 1, 20, 80]","[1, 0.5, 0.0, 0.0]",Sat,x1^2,23.572071521864274,0.8514813973522806,0.9950229742977628
"[100, 1, 20, 80]","[1, 0.5, 0.0, 0.0]",Sat,x1^3,15.423720672703237,0.5461744233260718,0.9978691509457113
"[100, 1, 20, 80]","[1, 0.5, 0.0, 0.0]",Sat,x1x2,23.277854974195627,0.8415094356557984,0.9951464411546074
"[100, 1, 20, 80]","[1, 0.5, 0.0, 0.0]",Sun,x1,69.21938839954178,2.5405866270667263,0.9504823390210089
"[100, 1, 20, 80]","[1, 0.5, 0.0, 0.0]",Sun,x1^2,21.945330012998138,0.8161062740244234,0.9950227570626392
"[100, 1, 20, 80]","[1, 0.5, 0.0, 0.0]",Sun,x1^3,16.319015104373808,0.5809861293367424,0.9972477207524167
"[100, 1, 20, 80]","[1, 0.5, 0.0, 0.0]",Sun,x1x2,21.554553861887793,0.8114264330553894,0.995198436428608
"[100, 1, 20, 80]","[1, 0.5, 0.2, 0.4]",Mon,x1,69.43074712915679,3.0028629916005807,0.92752886682255
"[100, 1, 20, 80]","[1, 0.5, 0.2, 0.4]",Mon,x1^2,21.275873512992604,0.9654366075225502,0.9931948739443602
"[100, 1, 20, 80]","[1, 0.5, 0.2, 0.4]",Mon,x1^3,20.123823136159327,0.9071242428154991,0.9939118918547933
"[100, 1, 20, 80]","[1, 0.5, 0.2, 0.4]",Mon,x1x2,20.305975725301078,0.9222617509010788,0.9938011789350254
"[100, 1, 20, 80]","[1, 0.5, 0.2, 0.4]",Tue,x1,68.60701748438645,3.116358294426043,0.9119462079150178
"[100, 1, 20, 80]","[1, 0.5, 0.2, 0.4]",Tue,x1^2,23.19784784702758,1.0650800713328648,0.9899328538099845
"[100, 1, 20, 80]","[1, 0.5, 0.2, 0.4]",Tue,x1^3,22.09200784908652,1.0156369879580556,0.9908697774892307
"[100, 1, 20, 80]","[1, 0.5, 0.2, 0.4]",Tue,x1x2,20.7888670695918,0.9661830111894741,0.9919151376801941
"[100, 1, 20, 80]","[1, 0.5, 0.2, 0.4]",Wed,x1,68.74755781491262,3.049048009110707,0.9191700931325757
"[100, 1, 20, 80]","[1, 0.5, 0.2, 0.4]",Wed,x1^2,23.907772137761746,1.089456173795254,0.9902245728283731
"[100, 1, 20, 80]","[1, 0.5, 0.2, 0.4]",Wed,x1^3,22.40377105720711,1.0242873107696637,0.9914158009288428
"[100, 1, 20, 80]","[1, 0.5, 0.2, 0.4]",Wed,x1x2,22.266628892570374,1.0195437099248754,0.9915205736852055
"[100, 1, 20, 80]","[1, 0.5, 0.2, 0.4]",Thu,x1,70.74259094877235,3.1218405973923464,0.9216078031809094
"[100, 1, 20, 80]","[1, 0.5, 0.2, 0.4]",Thu,x1^2,26.404571441741854,1.2130714278864074,0.9890788302475609
"[100, 1, 20, 80]","[1, 0.5, 0.2, 0.4]",Thu,x1^3,24.196094872399755,1.0987982000493663,0.9908293214930636
"[100, 1, 20, 80]","[1, 0.5, 0.2, 0.4]",Thu,x1x2,24.70059232401055,1.115211980056819,0.9904429106323985
"[100, 1, 20, 80]","[1, 0.5, 0.2, 0.4]",Fri,x1,53.13532443022364,2.1472244369559808,0.9637532589964369
"[100, 1, 20, 80]","[1, 0.5, 0.2, 0.4]",Fri,x1^2,27.594857550368523,1.1456945921635195,0.9902240582670184
"[100, 1, 20, 80]","[1, 0.5, 0.2, 0.4]",Fri,x1^3,20.864002154026316,0.8690034429507788,0.9944114707392104
"[100, 1, 20, 80]","[1, 0.5, 0.2, 0.4]",Fri,x1x2,26.498234827350466,1.096445919216934,0.9909856133861754
"[100, 1, 20, 80]","[1, 0.5, 0.2, 0.4]",Sat,x1,53.71054941388472,2.1089033725186215,0.9741599367152552
"[100, 1, 20, 80]","[1, 0.5, 0.2, 0.4]",Sat,x1^2,23.572071521864093,0.9458539847649716,0.9950229742977628
"[100, 1, 20, 80]","[1, 0.5, 0.2, 0.4]",Sat,x1^3,15.423720672703167,0.6103506085275993,0.9978691509457113
"[100, 1, 20, 80]","[1, 0.5, 0.2, 0.4]",Sat,x1x2,23.277854974195552,0.9344432113769684,0.9951464411546074
"[100, 1, 20, 80]","[1, 0.5, 0.2, 0.4]",Sun,x1,64.96579346629487,2.659535484732967,0.9565954284907819
"[100, 1, 20, 80]","[1, 0.5, 0.2, 0.4]",Sun,x1^2,19.693595363076344,0.8166120234832042,0.9960114411919032
"[100, 1, 20, 80]","[1, 0.5, 0.2, 0.4]",Sun,x1^3,15.693583177120734,0.6350811759959224,0.9974671457122536
"[100, 1, 20, 80]","[1, 0.5, 0.2, 0.4]",Sun,x1x2,19.256656298424716,0.8111929194971221,0.9961864649971243
"[100, 1, 20, 80]","[1, 0.5, 0.4, 0.8]",Mon,x1,69.38580103251704,3.002695026119241,0.9276133641279561
"[100, 1, 20, 80]","[1, 0.5, 0.4, 0.8]",Mon,x1^2,21.22051944081764,0.9627014057097337,0.9932293681233716
"[100, 1, 20, 80]","[1, 0.5, 0.4, 0.8]",Mon,x1^3,20.055851615029855,0.9033333904606465,0.9939521724886072
"[100, 1, 20, 80]","[1, 0.5, 0.4, 0.8]",Mon,x1x2,20.254867665281992,0.9208358509612392,0.9938315506813915
"[100, 1, 20, 80]","[1, 0.5, 0.4, 0.8]",Tue,x1,68.53803754363183,3.1158472826262456,0.9121198309469766
"[100, 1, 20, 80]","[1, 0.5, 0.4, 0.8]",Tue,x1^2,23.159508096875438,1.0633726031576178,0.9899657200084185
"[100, 1, 20, 80]","[1, 0.5, 0.4, 0.8]",Tue,x1^3,22.03889509725609,1.0119803734714166,0.9909132790973322
"[100, 1, 20, 80]","[1, 0.5, 0.4, 0.8]",Tue,x1x2,20.75045804661004,0.9642731276323436,0.991944677560058
"[100, 1, 20, 80]","[1, 0.5, 0.4, 0.8]",Wed,x1,68.82272068092043,3.0550911831894783,0.9189782243059146
"[100, 1, 20, 80]","[1, 0.5, 0.4, 0.8]",Wed,x1^2,23.939464257511265,1.0918327967944923,0.9901968208985523
"[100, 1, 20, 80]","[1, 0.5, 0.4, 0.8]",Wed,x1^3,22.425895591941657,1.0260601739905664,0.9913972426218666
"[100, 1, 20, 80]","[1, 0.5, 0.4, 0.8]",Wed,x1x2,22.307464009927525,1.0224515984445202,0.9914878653495007
"[100, 1, 20, 80]","[1, 0.5, 0.4, 0.8]",Thu,x1,70.63477085234827,3.121385560018804,0.9218698268538771
"[100, 1, 20, 80]","[1, 0.5, 0.4, 0.8]",Thu,x1^2,26.353173984419904,1.2122180839217973,0.9891245417856901
"[100, 1, 20, 80]","[1, 0.5, 0.4, 0.8]",Thu,x1^3,24.161646833463763,1.0984757056539494,0.9908581357166683
"[100, 1, 20, 80]","[1, 0.5, 0.4, 0.8]",Thu,x1x2,24.637742859122962,1.113842509054272,0.9904943122964722
"[100, 1, 20, 80]","[1, 0.5, 0.4, 0.8]",Fri,x1,53.12365433065761,2.1488445652255073,0.9637709610967907
"[100, 1, 20, 80]","[1, 0.5, 0.4, 0.8]",Fri,x1^2,27.577763949631194,1.14638730559962,0.9902366461695093
"[100, 1, 20, 80]","[1, 0.5, 0.4, 0.8]",Fri,x1^3,20.848451587370572,0.8695365287799159,0.9944200727106026
"[100, 1, 20, 80]","[1, 0.5, 0.4, 0.8]",Fri,x1x2,26.486188629002697,1.0971396364277517,0.9909942504686406
"[100, 1, 20, 80]","[1, 0.5, 0.4, 0.8]",Sat,x1,53.710549413885,2.1108891276853963,0.974159936715255
"[100, 1, 20, 80]","[1, 0.5, 0.4, 0.8]",Sat,x1^2,23.572071521864412,0.9467653784123004,0.9950229742977627
"[100, 1, 20, 80]","[1, 0.5, 0.4, 0.8]",Sat,x1^3,15.42372067270327,0.6109744226358406,0.9978691509457113
"[100, 1, 20, 80]","[1, 0.5, 0.4, 0.8]",Sat,x1x2,23.27785497419588,0.9353403326414964,0.9951464411546073
"[100, 1, 20, 80]","[1, 0.5, 0.4, 0.8]",Sun,x1,64.88657866391674,2.6585189514687273,0.9567007436184234
"[100, 1, 20, 80]","[1, 0.5, 0.4, 0.8]",Sun,x1^2,19.651407768551184,0.8155673048065193,0.9960284684033703
"[100, 1, 20, 80]","[1, 0.5, 0.4, 0.8]",Sun,x1^3,15.666006850315199,0.6344161223708059,0.9974760118505823
"[100, 1, 20, 80]","[1, 0.5, 0.4, 0.8]",Sun,x1x2,19.21423889997949,0.8103310021072844,0.9962032057807132
