CS,Endog.,Iteration,OptGap,Low,High,Cost,Optimal
"[10, 1, 20, 5]","[1, 0.5, -0.1, -0.2]",0,0.1334831140244199,-0.04802069469311637,0.31498692274195617,453.5457976263325,453.1938131723298
"[10, 1, 20, 5]","[1, 0.5, -0.1, -0.2]",1,0.013809508147520695,-0.12394991360374105,0.15156892989878243,453.21550533321044,453.1938131723298
"[10, 1, 20, 5]","[1, 0.5, -0.1, -0.2]",2,0.0025279605205066496,-0.13697778151879522,0.14203370255980854,453.16885412094314,453.1938131723298
"[10, 1, 20, 5]","[1, 0.5, -0.1, -0.2]",3,0.0049835634306990145,-0.1342112021925289,0.1441783290539269,453.18200645947053,453.1938131723298
"[10, 1, 20, 5]","[1, 0.5, -0.1, -0.2]",4,0.01898790480852796,-0.11859391587411497,0.1565697254911709,453.24853924061597,453.1938131723298
"[10, 1, 20, 5]","[1, 0.5, -0.1, -0.2]",5,-0.015747092706977803,-0.1539979478395423,0.12250376242558669,453.10840998291377,453.1938131723298
"[10, 1, 20, 5]","[1, 0.5, -0.1, -0.2]",6,-0.015747092706977803,-0.1539979478395423,0.12250376242558669,453.10840998291377,453.1938131723298
"[10, 1, 20, 5]","[1, 0.5, -0.1, -0.2]",7,0.0427115852563451,-0.11417824153575365,0.19960141204844387,453.3664892679688,453.1938131723298
"[10, 1, 20, 5]","[1, 0.5, -0.1, -0.2]",8,0.0427115852563451,-0.11417824153575365,0.19960141204844387,453.3664892679688,453.1938131723298
"[10, 1, 20, 5]","[1, 0.5, -0.1, -0.2]",9,0.0427115852563451,-0.11417824153575365,0.19960141204844387,453.3664892679688,453.1938131723298
"[10, 1, 20, 5]","[1, 0.5, -0.1, -0.2]",10,0.0427115852563451,-0.11417824153575365,0.19960141204844387,453.3664892679688,453.1938131723298
"[10, 1, 20, 5]","[1, 0.5, -0.1, -0.2]",11,0.0427115852563451,-0.11417824153575365,0.19960141204844387,453.3664892679688,453.1938131723298
"[10, 1, 20, 5]","[1, 0.5, -0.1, -0.2]",12,0.0427115852563451,-0.11417824153575365,0.19960141204844387,453.3664892679688,453.1938131723298
"[10, 1, 20, 5]","[1, 0.5, -0.1, -0.2]",13,0.0427115852563451,-0.11417824153575365,0.19960141204844387,453.3664892679688,453.1938131723298
"[10, 1, 20, 5]","[1, 0.5, -0.1, -0.2]",14,0.0427115852563451,-0.11417824153575365,0.19960141204844387,453.3664892679688,453.1938131723298
"[10, 1, 20, 5]","[1, 0.5, -0.1, -0.2]",15,0.0427115852563451,-0.11417824153575365,0.19960141204844387,453.3664892679688,453.1938131723298
"[10, 1, 20, 5]","[1, 0.5, -0.1, -0.2]",16,0.0427115852563451,-0.11417824153575365,0.19960141204844387,453.3664892679688,453.1938131723298
"[10, 1, 20, 5]","[1, 0.5, -0.1, -0.2]",17,0.0427115852563451,-0.11417824153575365,0.19960141204844387,453.3664892679688,453.1938131723298
"[10, 1, 20, 5]","[1, 0.5, -0.1, -0.2]",18,0.0427115852563451,-0.11417824153575365,0.19960141204844387,453.3664892679688,453.1938131723298
"[10, 1, 20, 5]","[1, 0.5, -0.1, -0.2]",19,0.0427115852563451,-0.11417824153575365,0.19960141204844387,453.3664892679688,453.1938131723298
"[10, 1, 20, 5]","[1, 0.5, -0.1, -0.2]",20,0.0427115852563451,-0.11417824153575365,0.19960141204844387,453.3664892679688,453.1938131723298
"[10, 1, 20, 5]","[1, 0.5, -0.05, -0.1]",0,0.6087671903732489,0.3031441457264388,0.914390235020059,420.1417812927171,418.38283773999825
"[10, 1, 20, 5]","[1, 0.5, -0.05, -0.1]",1,1.2206159662269853,0.8308398410240342,1.6103920914299366,422.6927291416505,418.38283773999825
"[10, 1, 20, 5]","[1, 0.5, -0.05, -0.1]",2,1.1479477906539346,0.7694527361492022,1.526442845158667,422.4366150941385,418.38283773999825
"[10, 1, 20, 5]","[1, 0.5, -0.05, -0.1]",3,1.1391874584854467,0.7745317380617005,1.5038431789091928,422.564622388283,418.38283773999825
"[10, 1, 20, 5]","[1, 0.5, -0.05, -0.1]",4,1.1388183180385372,0.776482733133359,1.5011539029437153,422.6464488710807,418.38283773999825
"[10, 1, 20, 5]","[1, 0.5, -0.05, -0.1]",5,1.1066113167032436,0.7457847371509863,1.467437896255501,422.51885563907666,418.38283773999825
"[10, 1, 20, 5]","[1, 0.5, -0.05, -0.1]",6,1.0349020503506403,0.6734522321881329,1.3963518685131477,422.2334078288116,418.38283773999825
"[10, 1, 20, 5]","[1, 0.5, -0.05, -0.1]",7,0.9545118305787561,0.5979843177049976,1.3110393434525145,421.92655469421436,418.38283773999825
"[10, 1, 20, 5]","[1, 0.5, -0.05, -0.1]",8,0.921793098738745,0.5666211769609981,1.276965020516492,421.7961823054193,418.38283773999825
"[10, 1, 20, 5]","[1, 0.5, -0.05, -0.1]",9,0.9164897198914509,0.562680316103088,1.2702991236798138,421.7924290573784,418.38283773999825
"[10, 1, 20, 5]","[1, 0.5, -0.05, -0.1]",10,0.9359614966837493,0.5826630169819913,1.2892599763855073,421.8737526419102,418.38283773999825
"[10, 1, 20, 5]","[1, 0.5, -0.05, -0.1]",11,0.9243391746047522,0.574507421665748,1.2741709275437565,421.81347531102654,418.38283773999825
"[10, 1, 20, 5]","[1, 0.5, -0.05, -0.1]",12,0.9121968332423679,0.5627317281502378,1.261661938334498,421.7877607645135,418.38283773999825
"[10, 1, 20, 5]","[1, 0.5, -0.05, -0.1]",13,0.9121968332423679,0.5627317281502378,1.261661938334498,421.7877607645135,418.38283773999825
"[10, 1, 20, 5]","[1, 0.5, -0.05, -0.1]",14,0.9121968332423679,0.5627317281502378,1.261661938334498,421.7877607645135,418.38283773999825
"[10, 1, 20, 5]","[1, 0.5, -0.05, -0.1]",15,0.9121968332423679,0.5627317281502378,1.261661938334498,421.7877607645135,418.38283773999825
"[10, 1, 20, 5]","[1, 0.5, -0.05, -0.1]",16,0.9121968332423679,0.5627317281502378,1.261661938334498,421.7877607645135,418.38283773999825
"[10, 1, 20, 5]","[1, 0.5, -0.05, -0.1]",17,0.9121968332423679,0.5627317281502378,1.261661938334498,421.7877607645135,418.38283773999825
"[10, 1, 20, 5]","[1, 0.5, -0.05, -0.1]",18,0.9121968332423679,0.5627317281502378,1.261661938334498,421.7877607645135,418.38283773999825
"[10, 1, 20, 5]","[1, 0.5, -0.05, -0.1]",19,0.9121968332423679,0.5627317281502378,1.261661938334498,421.7877607645135,418.38283773999825
"[10, 1, 20, 5]","[1, 0.5, -0.05, -0.1]",20,0.9121968332423679,0.5627317281502378,1.261661938334498,421.7877607645135,418.38283773999825
"[10, 1, 20, 5]","[1, 0.5, -0.2, -0.1]",0,0.240253819455283,0.011939130816618376,0.4685685080939477,434.8819709950629,433.9978966004463
"[10, 1, 20, 5]","[1, 0.5, -0.2, -0.1]",1,0.6133159980478468,0.34684052140818683,0.8797914746875066,436.32036688460903,433.9978966004463
"[10, 1, 20, 5]","[1, 0.5, -0.2, -0.1]",2,0.5180155712313859,0.25518016594752974,0.780850976515242,435.8601358195303,433.9978966004463
"[10, 1, 20, 5]","[1, 0.5, -0.2, -0.1]",3,0.5370126243727079,0.27394974753811263,0.8000755012073032,435.9348871715285,433.9978966004463
"[10, 1, 20, 5]","[1, 0.5, -0.2, -0.1]",4,0.5053575246863146,0.24529596098041512,0.7654190883922141,435.8205001432189,433.9978966004463
"[10, 1, 20, 5]","[1, 0.5, -0.2, -0.1]",5,0.5053575246863146,0.24529596098041512,0.7654190883922141,435.8205001432189,433.9978966004463
"[10, 1, 20, 5]","[1, 0.5, -0.2, -0.1]",6,0.5053575246863146,0.24529596098041512,0.7654190883922141,435.8205001432189,433.9978966004463
"[10, 1, 20, 5]","[1, 0.5, -0.2, -0.1]",7,0.5053575246863146,0.24529596098041512,0.7654190883922141,435.8205001432189,433.9978966004463
"[10, 1, 20, 5]","[1, 0.5, -0.2, -0.1]",8,0.5053575246863146,0.24529596098041512,0.7654190883922141,435.8205001432189,433.9978966004463
"[10, 1, 20, 5]","[1, 0.5, -0.2, -0.1]",9,0.5135023169492676,0.25425975667345124,0.772744877225084,435.86141019763284,433.9978966004463
"[10, 1, 20, 5]","[1, 0.5, -0.2, -0.1]",10,0.5135023169492676,0.25425975667345124,0.772744877225084,435.86141019763284,433.9978966004463
"[10, 1, 20, 5]","[1, 0.5, -0.2, -0.1]",11,0.5135023169492676,0.25425975667345124,0.772744877225084,435.86141019763284,433.9978966004463
"[10, 1, 20, 5]","[1, 0.5, -0.2, -0.1]",12,0.515627458674196,0.25653000647549423,0.7747249108728977,435.87114389893736,433.9978966004463
"[10, 1, 20, 5]","[1, 0.5, -0.2, -0.1]",13,0.515627458674196,0.25653000647549423,0.7747249108728977,435.87114389893736,433.9978966004463
"[10, 1, 20, 5]","[1, 0.5, -0.2, -0.1]",14,0.515627458674196,0.25653000647549423,0.7747249108728977,435.87114389893736,433.9978966004463
"[10, 1, 20, 5]","[1, 0.5, -0.2, -0.1]",15,0.515627458674196,0.25653000647549423,0.7747249108728977,435.87114389893736,433.9978966004463
"[10, 1, 20, 5]","[1, 0.5, -0.2, -0.1]",16,0.515627458674196,0.25653000647549423,0.7747249108728977,435.87114389893736,433.9978966004463
"[10, 1, 20, 5]","[1, 0.5, -0.2, -0.1]",17,0.515627458674196,0.25653000647549423,0.7747249108728977,435.87114389893736,433.9978966004463
"[10, 1, 20, 5]","[1, 0.5, -0.2, -0.1]",18,0.515627458674196,0.25653000647549423,0.7747249108728977,435.87114389893736,433.9978966004463
"[10, 1, 20, 5]","[1, 0.5, -0.2, -0.1]",19,0.515627458674196,0.25653000647549423,0.7747249108728977,435.87114389893736,433.9978966004463
"[10, 1, 20, 5]","[1, 0.5, -0.2, -0.1]",20,0.515627458674196,0.25653000647549423,0.7747249108728977,435.87114389893736,433.9978966004463
"[10, 1, 20, 5]","[1, 0.5, -0.1, -0.05]",0,0.6232371846606062,0.29514824537943757,0.9513261239417747,407.5034466001843,405.5472987568091
"[10, 1, 20, 5]","[1, 0.5, -0.1, -0.05]",1,0.7173508665416983,0.33466369987012684,1.1000380332132698,407.7132284797386,405.5472987568091
"[10, 1, 20, 5]","[1, 0.5, -0.1, -0.05]",2,0.5706273249723153,0.1909594224181418,0.9502952275264888,407.2245637531119,405.5472987568091
"[10, 1, 20, 5]","[1, 0.5, -0.1, -0.05]",3,0.7254440936869383,0.34270520836561913,1.1081829790082574,407.7861979892585,405.5472987568091
"[10, 1, 20, 5]","[1, 0.5, -0.1, -0.05]",4,0.7520969148398622,0.37088104860913307,1.1333127810705914,407.9224889318243,405.5472987568091
"[10, 1, 20, 5]","[1, 0.5, -0.1, -0.05]",5,0.7228415541727823,0.3466747133252262,1.0990083950203384,407.8464563279833,405.5472987568091
"[10, 1, 20, 5]","[1, 0.5, -0.1, -0.05]",6,0.710032099504788,0.33489791047630973,1.0851662885332662,407.79631008709697,405.5472987568091
"[10, 1, 20, 5]","[1, 0.5, -0.1, -0.05]",7,0.710032099504788,0.33489791047630973,1.0851662885332662,407.79631008709697,405.5472987568091
"[10, 1, 20, 5]","[1, 0.5, -0.1, -0.05]",8,0.714909061533963,0.3414392860307545,1.0883788370371716,407.8258851371306,405.5472987568091
"[10, 1, 20, 5]","[1, 0.5, -0.1, -0.05]",9,0.7096097126703435,0.33720352620359584,1.0820158991370912,407.8009654424649,405.5472987568091
"[10, 1, 20, 5]","[1, 0.5, -0.1, -0.05]",10,0.7145043989865396,0.34455649407521854,1.0844523038978606,407.8234642171823,405.5472987568091
"[10, 1, 20, 5]","[1, 0.5, -0.1, -0.05]",11,0.6967532694513812,0.32616906659564454,1.0673374723071178,407.73361986083904,405.5472987568091
"[10, 1, 20, 5]","[1, 0.5, -0.1, -0.05]",12,0.6967532694513812,0.32616906659564454,1.0673374723071178,407.73361986083904,405.5472987568091
"[10, 1, 20, 5]","[1, 0.5, -0.1, -0.05]",13,0.6967532694513812,0.32616906659564454,1.0673374723071178,407.73361986083904,405.5472987568091
"[10, 1, 20, 5]","[1, 0.5, -0.1, -0.05]",14,0.6967532694513812,0.32616906659564454,1.0673374723071178,407.73361986083904,405.5472987568091
"[10, 1, 20, 5]","[1, 0.5, -0.1, -0.05]",15,0.646152339977161,0.2767457137338605,1.0155589662204616,407.5382994892542,405.5472987568091
"[10, 1, 20, 5]","[1, 0.5, -0.1, -0.05]",16,0.6257968460585885,0.2560634524523227,0.9955302396648544,407.4515172670827,405.5472987568091
"[10, 1, 20, 5]","[1, 0.5, -0.1, -0.05]",17,0.6257968460585885,0.2560634524523227,0.9955302396648544,407.4515172670827,405.5472987568091
"[10, 1, 20, 5]","[1, 0.5, -0.1, -0.05]",18,0.6353565588714618,0.26620380949658246,1.0045093082463412,407.5002763449292,405.5472987568091
"[10, 1, 20, 5]","[1, 0.5, -0.1, -0.05]",19,0.6353565588714618,0.26620380949658246,1.0045093082463412,407.5002763449292,405.5472987568091
"[10, 1, 20, 5]","[1, 0.5, -0.1, -0.05]",20,0.6353565588714618,0.26620380949658246,1.0045093082463412,407.5002763449292,405.5472987568091
"[10, 1, 20, 5]","[1, 0.5, 0.0, 0.0]",0,1.4475590087848995,0.9388015548930341,1.956316462676765,389.75597226403534,385.4060198547951
"[10, 1, 20, 5]","[1, 0.5, 0.0, 0.0]",1,1.233433692266517,0.8185061884754283,1.6483611960576057,389.1803001274982,385.4060198547951
"[10, 1, 20, 5]","[1, 0.5, 0.0, 0.0]",2,0.9679609836087999,0.49833809768668846,1.4375838695309113,387.8451753861238,385.4060198547951
"[10, 1, 20, 5]","[1, 0.5, 0.0, 0.0]",3,1.2238976004098905,0.7473360400004608,1.70045916081932,388.77981214212934,385.4060198547951
"[10, 1, 20, 5]","[1, 0.5, 0.0, 0.0]",4,1.2558755826009682,0.7848953141519834,1.726855851049953,388.8608042201737,385.4060198547951
"[10, 1, 20, 5]","[1, 0.5, 0.0, 0.0]",5,1.4662262435082813,0.9514720827565141,1.9809804042600487,389.37717152228083,385.4060198547951
"[10, 1, 20, 5]","[1, 0.5, 0.0, 0.0]",6,1.4642770846756545,0.9467680579263124,1.9817861114249968,389.35780455137717,385.4060198547951
"[10, 1, 20, 5]","[1, 0.5, 0.0, 0.0]",7,1.5311632315493924,1.0136114557035063,2.0487150073952787,389.64368296343696,385.4060198547951
"[10, 1, 20, 5]","[1, 0.5, 0.0, 0.0]",8,1.567386479128317,1.066856905651313,2.067916052605321,389.83988002936576,385.4060198547951
"[10, 1, 20, 5]","[1, 0.5, 0.0, 0.0]",9,1.4748677064541016,0.9656618160193344,1.9840735968888688,389.4399812048414,385.4060198547951
"[10, 1, 20, 5]","[1, 0.5, 0.0, 0.0]",10,1.5135974014216849,0.998306500401899,2.028888302441471,389.51577577377225,385.4060198547951
"[10, 1, 20, 5]","[1, 0.5, 0.0, 0.0]",11,1.4942794411299194,0.9789788827453902,2.0095799995144485,389.4217990006908,385.4060198547951
"[10, 1, 20, 5]","[1, 0.5, 0.0, 0.0]",12,1.5197521231574695,1.003863975840963,2.035640270473976,389.5288844325503,385.4060198547951
"[10, 1, 20, 5]","[1, 0.5, 0.0, 0.0]",13,1.5197521231574695,1.003863975840963,2.035640270473976,389.5288844325503,385.4060198547951
"[10, 1, 20, 5]","[1, 0.5, 0.0, 0.0]",14,1.5197521231574695,1.003863975840963,2.035640270473976,389.5288844325503,385.4060198547951
"[10, 1, 20, 5]","[1, 0.5, 0.0, 0.0]",15,1.5197521231574695,1.003863975840963,2.035640270473976,389.5288844325503,385.4060198547951
"[10, 1, 20, 5]","[1, 0.5, 0.0, 0.0]",16,1.5197521231574695,1.003863975840963,2.035640270473976,389.5288844325503,385.4060198547951
"[10, 1, 20, 5]","[1, 0.5, 0.0, 0.0]",17,1.5237667964590753,1.0075137150585431,2.0400198778596073,389.5375347537197,385.4060198547951
"[10, 1, 20, 5]","[1, 0.5, 0.0, 0.0]",18,1.5237667964590753,1.0075137150585431,2.0400198778596073,389.5375347537197,385.4060198547951
"[10, 1, 20, 5]","[1, 0.5, 0.0, 0.0]",19,1.5237667964590753,1.0075137150585431,2.0400198778596073,389.5375347537197,385.4060198547951
"[10, 1, 20, 5]","[1, 0.5, 0.0, 0.0]",20,1.5237667964590753,1.0075137150585431,2.0400198778596073,389.5375347537197,385.4060198547951
"[10, 1, 20, 20]","[1, 0.5, -0.1, -0.2]",0,1.000738707964164,0.7551378756510705,1.2463395402772577,640.9414969516263,635.3024577918628
"[10, 1, 20, 20]","[1, 0.5, -0.1, -0.2]",1,1.1936220904383614,0.879527728435048,1.5077164524416748,642.0527434143365,635.3024577918628
"[10, 1, 20, 20]","[1, 0.5, -0.1, -0.2]",2,1.2484288950852376,0.9366203973272715,1.5602373928432036,642.4249805853343,635.3024577918628
"[10, 1, 20, 20]","[1, 0.5, -0.1, -0.2]",3,1.2939963271646413,0.9789579030871907,1.609034751242092,642.6897300382276,635.3024577918628
"[10, 1, 20, 20]","[1, 0.5, -0.1, -0.2]",4,1.2939963271646413,0.9789579030871907,1.609034751242092,642.6897300382276,635.3024577918628
"[10, 1, 20, 20]","[1, 0.5, -0.1, -0.2]",5,1.2929968208538922,0.9785065367978258,1.6074871049099586,642.6636538091841,635.3024577918628
"[10, 1, 20, 20]","[1, 0.5, -0.1, -0.2]",6,1.2929968208538922,0.9785065367978258,1.6074871049099586,642.6636538091841,635.3024577918628
"[10, 1, 20, 20]","[1, 0.5, -0.1, -0.2]",7,1.2929968208538922,0.9785065367978258,1.6074871049099586,642.6636538091841,635.3024577918628
"[10, 1, 20, 20]","[1, 0.5, -0.1, -0.2]",8,1.2911213363560567,0.9766742919986018,1.6055683807135117,642.6539378640254,635.3024577918628
"[10, 1, 20, 20]","[1, 0.5, -0.1, -0.2]",9,1.2885279855060008,0.9741470244323636,1.602908946579638,642.6391897032331,635.3024577918628
"[10, 1, 20, 20]","[1, 0.5, -0.1, -0.2]",10,1.2885279855060008,0.9741470244323636,1.602908946579638,642.6391897032331,635.3024577918628
"[10, 1, 20, 20]","[1, 0.5, -0.1, -0.2]",11,1.2885279855060008,0.9741470244323636,1.602908946579638,642.6391897032331,635.3024577918628
"[10, 1, 20, 20]","[1, 0.5, -0.1, -0.2]",12,1.2885279855060008,0.9741470244323636,1.602908946579638,642.6391897032331,635.3024577918628
"[10, 1, 20, 20]","[1, 0.5, -0.1, -0.2]",13,1.2885279855060008,0.9741470244323636,1.602908946579638,642.6391897032331,635.3024577918628
"[10, 1, 20, 20]","[1, 0.5, -0.1, -0.2]",14,1.2885279855060008,0.9741470244323636,1.602908946579638,642.6391897032331,635.3024577918628
"[10, 1, 20, 20]","[1, 0.5, -0.1, -0.2]",15,1.2885279855060008,0.9741470244323636,1.602908946579638,642.6391897032331,635.3024577918628
"[10, 1, 20, 20]","[1, 0.5, -0.1, -0.2]",16,1.2885279855060008,0.9741470244323636,1.602908946579638,642.6391897032331,635.3024577918628
"[10, 1, 20, 20]","[1, 0.5, -0.1, -0.2]",17,1.2885279855060008,0.9741470244323636,1.602908946579638,642.6391897032331,635.3024577918628
"[10, 1, 20, 20]","[1, 0.5, -0.1, -0.2]",18,1.2885279855060008,0.9741470244323636,1.602908946579638,642.6391897032331,635.3024577918628
"[10, 1, 20, 20]","[1, 0.5, -0.1, -0.2]",19,1.2885279855060008,0.9741470244323636,1.602908946579638,642.6391897032331,635.3024577918628
"[10, 1, 20, 20]","[1, 0.5, -0.1, -0.2]",20,1.2885279855060008,0.9741470244323636,1.602908946579638,642.6391897032331,635.3024577918628
"[10, 1, 20, 20]","[1, 0.5, -0.05, -0.1]",0,2.5995980489825445,2.1593613954377076,3.0398347025273815,590.8347370499631,577.6263129146097
"[10, 1, 20, 20]","[1, 0.5, -0.05, -0.1]",1,0.6112281058879971,0.3255022833561448,0.8969539284198496,580.6194163894742,577.6263129146097
"[10, 1, 20, 20]","[1, 0.5, -0.05, -0.1]",2,0.6778980178162588,0.3842221901461915,0.9715738454863261,580.9201234145334,577.6263129146097
"[10, 1, 20, 20]","[1, 0.5, -0.05, -0.1]",3,0.7311955174923823,0.4381580566541512,1.0242329783306134,581.2334666020714,577.6263129146097
"[10, 1, 20, 20]","[1, 0.5, -0.05, -0.1]",4,0.6774520871569276,0.39570839331832575,0.9591957809955295,581.0431475536051,577.6263129146097
"[10, 1, 20, 20]","[1, 0.5, -0.05, -0.1]",5,0.9718296434561691,0.6708558886758316,1.2728033982365066,582.6992741107317,577.6263129146097
"[10, 1, 20, 20]","[1, 0.5, -0.05, -0.1]",6,0.6711471627939686,0.3904736263850064,0.9518206992029308,580.9622636521879,577.6263129146097
"[10, 1, 20, 20]","[1, 0.5, -0.05, -0.1]",7,0.7051229398268269,0.41034838033398974,0.9998974993196641,581.1117772858669,577.6263129146097
"[10, 1, 20, 20]","[1, 0.5, -0.05, -0.1]",8,0.673553731585999,0.3810159307830811,0.9660915323889168,580.9825138849293,577.6263129146097
"[10, 1, 20, 20]","[1, 0.5, -0.05, -0.1]",9,0.673553731585999,0.3810159307830811,0.9660915323889168,580.9825138849293,577.6263129146097
"[10, 1, 20, 20]","[1, 0.5, -0.05, -0.1]",10,0.9880929580922279,0.6762449965968351,1.2999409195876206,582.7367293356191,577.6263129146097
"[10, 1, 20, 20]","[1, 0.5, -0.05, -0.1]",11,0.6612448140366516,0.3708568428342661,0.951632785239037,580.9157978905408,577.6263129146097
"[10, 1, 20, 20]","[1, 0.5, -0.05, -0.1]",12,0.6427454414174881,0.3537115199721368,0.9317793628628395,580.8120930524217,577.6263129146097
"[10, 1, 20, 20]","[1, 0.5, -0.05, -0.1]",13,0.9767914041982831,0.6706038838233724,1.282978924573194,582.6728102014619,577.6263129146097
"[10, 1, 20, 20]","[1, 0.5, -0.05, -0.1]",14,0.6833655042937664,0.3941600596045035,0.9725709489830293,580.9919914120444,577.6263129146097
"[10, 1, 20, 20]","[1, 0.5, -0.05, -0.1]",15,0.6833655042937664,0.3941600596045035,0.9725709489830293,580.9919914120444,577.6263129146097
"[10, 1, 20, 20]","[1, 0.5, -0.05, -0.1]",16,0.6833655042937664,0.3941600596045035,0.9725709489830293,580.9919914120444,577.6263129146097
"[10, 1, 20, 20]","[1, 0.5, -0.05, -0.1]",17,0.6833655042937664,0.3941600596045035,0.9725709489830293,580.9919914120444,577.6263129146097
"[10, 1, 20, 20]","[1, 0.5, -0.05, -0.1]",18,0.6833655042937664,0.3941600596045035,0.9725709489830293,580.9919914120444,577.6263129146097
"[10, 1, 20, 20]","[1, 0.5, -0.05, -0.1]",19,0.6833655042937664,0.3941600596045035,0.9725709489830293,580.9919914120444,577.6263129146097
"[10, 1, 20, 20]","[1, 0.5, -0.05, -0.1]",20,0.6833655042937664,0.3941600596045035,0.9725709489830293,580.9919914120444,577.6263129146097
"[10, 1, 20, 20]","[1, 0.5, -0.2, -0.1]",0,0.35271895986754076,0.13550138764441913,0.5699365320906624,608.7303842349055,607.3703368596587
"[10, 1, 20, 20]","[1, 0.5, -0.2, -0.1]",1,0.11204915461973956,-0.04718626375542313,0.2712845729949023,607.9257092739566,607.3703368596587
"[10, 1, 20, 20]","[1, 0.5, -0.2, -0.1]",2,0.2629848530223103,0.04063630649427388,0.4853333995503467,608.7011036272678,607.3703368596587
"[10, 1, 20, 20]","[1, 0.5, -0.2, -0.1]",3,0.29844721909427874,0.06983268271577103,0.5270617554727864,608.8700512110012,607.3703368596587
"[10, 1, 20, 20]","[1, 0.5, -0.2, -0.1]",4,0.31656918408684576,0.08674495270253196,0.5463934154711596,608.9496290240578,607.3703368596587
"[10, 1, 20, 20]","[1, 0.5, -0.2, -0.1]",5,0.32926578898080255,0.09882031502490474,0.5597112629367004,609.0037903863067,607.3703368596587
"[10, 1, 20, 20]","[1, 0.5, -0.2, -0.1]",6,0.36176349185915374,0.1310752684244838,0.5924517152938237,609.187828084241,607.3703368596587
"[10, 1, 20, 20]","[1, 0.5, -0.2, -0.1]",7,0.35726094179357004,0.12643905035956085,0.5880828332275793,609.1553537859553,607.3703368596587
"[10, 1, 20, 20]","[1, 0.5, -0.2, -0.1]",8,0.3764327368439587,0.13836471321042693,0.6145007604774906,609.2618805454036,607.3703368596587
"[10, 1, 20, 20]","[1, 0.5, -0.2, -0.1]",9,0.3764327368439587,0.13836471321042693,0.6145007604774906,609.2618805454036,607.3703368596587
"[10, 1, 20, 20]","[1, 0.5, -0.2, -0.1]",10,0.6797604984063109,0.41940248778312944,0.9401185090294923,611.0303591583446,607.3703368596587
"[10, 1, 20, 20]","[1, 0.5, -0.2, -0.1]",11,0.671264357785332,0.41119719643381336,0.9313315191368506,610.9900893144728,607.3703368596587
"[10, 1, 20, 20]","[1, 0.5, -0.2, -0.1]",12,0.6827875519062568,0.4237047589659813,0.9418703448465324,611.0828018446309,607.3703368596587
"[10, 1, 20, 20]","[1, 0.5, -0.2, -0.1]",13,0.6827875519062568,0.4237047589659813,0.9418703448465324,611.0828018446309,607.3703368596587
"[10, 1, 20, 20]","[1, 0.5, -0.2, -0.1]",14,0.6827875519062568,0.4237047589659813,0.9418703448465324,611.0828018446309,607.3703368596587
"[10, 1, 20, 20]","[1, 0.5, -0.2, -0.1]",15,0.6827875519062568,0.4237047589659813,0.9418703448465324,611.0828018446309,607.3703368596587
"[10, 1, 20, 20]","[1, 0.5, -0.2, -0.1]",16,0.6669518653843106,0.4098318597541637,0.9240718710144575,611.0288991308028,607.3703368596587
"[10, 1, 20, 20]","[1, 0.5, -0.2, -0.1]",17,0.6669518653843106,0.4098318597541637,0.9240718710144575,611.0288991308028,607.3703368596587
"[10, 1, 20, 20]","[1, 0.5, -0.2, -0.1]",18,0.6669518653843106,0.4098318597541637,0.9240718710144575,611.0288991308028,607.3703368596587
"[10, 1, 20, 20]","[1, 0.5, -0.2, -0.1]",19,0.6669518653843106,0.4098318597541637,0.9240718710144575,611.0288991308028,607.3703368596587
"[10, 1, 20, 20]","[1, 0.5, -0.2, -0.1]",20,0.6279664171089393,0.37729965192846754,0.8786331822894111,610.8075079916997,607.3703368596587
"[10, 1, 20, 20]","[1, 0.5, -0.1, -0.05]",0,1.1264348339655006,0.7679093178310936,1.4849603500999076,560.4196437717154,555.5508054529969
"[10, 1, 20, 20]","[1, 0.5, -0.1, -0.05]",1,0.6121448440271647,0.26508574206354923,0.9592039459907802,558.1679583690717,555.5508054529969
"[10, 1, 20, 20]","[1, 0.5, -0.1, -0.05]",2,0.5934627554520381,0.263528144651802,0.9233973662522741,558.0651975793447,555.5508054529969
"[10, 1, 20, 20]","[1, 0.5, -0.1, -0.05]",3,0.6604856603487167,0.3163137928064243,1.004657527891009,558.3696000008015,555.5508054529969
"[10, 1, 20, 20]","[1, 0.5, -0.1, -0.05]",4,0.6452777128376922,0.300312132630482,0.9902432930449023,558.2875081561364,555.5508054529969
"[10, 1, 20, 20]","[1, 0.5, -0.1, -0.05]",5,0.6452777128376922,0.300312132630482,0.9902432930449023,558.2875081561364,555.5508054529969
"[10, 1, 20, 20]","[1, 0.5, -0.1, -0.05]",6,0.6452777128376922,0.300312132630482,0.9902432930449023,558.2875081561364,555.5508054529969
"[10, 1, 20, 20]","[1, 0.5, -0.1, -0.05]",7,0.6452777128376922,0.300312132630482,0.9902432930449023,558.2875081561364,555.5508054529969
"[10, 1, 20, 20]","[1, 0.5, -0.1, -0.05]",8,0.6452777128376922,0.300312132630482,0.9902432930449023,558.2875081561364,555.5508054529969
"[10, 1, 20, 20]","[1, 0.5, -0.1, -0.05]",9,0.6452777128376922,0.300312132630482,0.9902432930449023,558.2875081561364,555.5508054529969
"[10, 1, 20, 20]","[1, 0.5, -0.1, -0.05]",10,0.6652428315329738,0.3197113650356056,1.010774298030342,558.3879267572523,555.5508054529969
"[10, 1, 20, 20]","[1, 0.5, -0.1, -0.05]",11,0.6652428315329738,0.3197113650356056,1.010774298030342,558.3879267572523,555.5508054529969
"[10, 1, 20, 20]","[1, 0.5, -0.1, -0.05]",12,0.6652428315329738,0.3197113650356056,1.010774298030342,558.3879267572523,555.5508054529969
"[10, 1, 20, 20]","[1, 0.5, -0.1, -0.05]",13,0.6652428315329738,0.3197113650356056,1.010774298030342,558.3879267572523,555.5508054529969
"[10, 1, 20, 20]","[1, 0.5, -0.1, -0.05]",14,0.6652428315329738,0.3197113650356056,1.010774298030342,558.3879267572523,555.5508054529969
"[10, 1, 20, 20]","[1, 0.5, -0.1, -0.05]",15,0.6652428315329738,0.3197113650356056,1.010774298030342,558.3879267572523,555.5508054529969
"[10, 1, 20, 20]","[1, 0.5, -0.1, -0.05]",16,0.675431959546215,0.3301684925440825,1.0206954265483477,558.4436110966833,555.5508054529969
"[10, 1, 20, 20]","[1, 0.5, -0.1, -0.05]",17,0.675431959546215,0.3301684925440825,1.0206954265483477,558.4436110966833,555.5508054529969
"[10, 1, 20, 20]","[1, 0.5, -0.1, -0.05]",18,0.675431959546215,0.3301684925440825,1.0206954265483477,558.4436110966833,555.5508054529969
"[10, 1, 20, 20]","[1, 0.5, -0.1, -0.05]",19,0.675431959546215,0.3301684925440825,1.0206954265483477,558.4436110966833,555.5508054529969
"[10, 1, 20, 20]","[1, 0.5, -0.1, -0.05]",20,0.675431959546215,0.3301684925440825,1.0206954265483477,558.4436110966833,555.5508054529969
"[10, 1, 20, 20]","[1, 0.5, 0.0, 0.0]",0,4.482094832510494,3.9201238595786956,5.044065805442293,543.3831052204862,522.7155964723725
"[10, 1, 20, 20]","[1, 0.5, 0.0, 0.0]",1,1.4099565330521542,0.9271849700500805,1.8927280960542279,528.869726563544,522.7155964723725
"[10, 1, 20, 20]","[1, 0.5, 0.0, 0.0]",2,1.1484119444200593,0.7111902663128766,1.585633622527242,527.7168208759415,522.7155964723725
"[10, 1, 20, 20]","[1, 0.5, 0.0, 0.0]",3,1.186209255855692,0.7522058348851693,1.6202126768262146,527.9352532315887,522.7155964723725
"[10, 1, 20, 20]","[1, 0.5, 0.0, 0.0]",4,1.4170128952263183,0.9715906578294733,1.8624351326231634,529.0113396561657,522.7155964723725
"[10, 1, 20, 20]","[1, 0.5, 0.0, 0.0]",5,1.3867425679921377,0.948755865380855,1.8247292706034204,528.882031657827,522.7155964723725
"[10, 1, 20, 20]","[1, 0.5, 0.0, 0.0]",6,1.4039178715699783,0.9601325164101334,1.847703226729823,528.9623338797575,522.7155964723725
"[10, 1, 20, 20]","[1, 0.5, 0.0, 0.0]",7,1.4039178715699783,0.9601325164101334,1.847703226729823,528.9623338797575,522.7155964723725
"[10, 1, 20, 20]","[1, 0.5, 0.0, 0.0]",8,1.4039178715699783,0.9601325164101334,1.847703226729823,528.9623338797575,522.7155964723725
"[10, 1, 20, 20]","[1, 0.5, 0.0, 0.0]",9,1.4039178715699783,0.9601325164101334,1.847703226729823,528.9623338797575,522.7155964723725
"[10, 1, 20, 20]","[1, 0.5, 0.0, 0.0]",10,1.4039178715699783,0.9601325164101334,1.847703226729823,528.9623338797575,522.7155964723725
"[10, 1, 20, 20]","[1, 0.5, 0.0, 0.0]",11,1.4397960277542678,0.9920590714628985,1.8875329840456372,529.15721724203,522.7155964723725
"[10, 1, 20, 20]","[1, 0.5, 0.0, 0.0]",12,1.4397960277542678,0.9920590714628985,1.8875329840456372,529.15721724203,522.7155964723725
"[10, 1, 20, 20]","[1, 0.5, 0.0, 0.0]",13,1.4397960277542678,0.9920590714628985,1.8875329840456372,529.15721724203,522.7155964723725
"[10, 1, 20, 20]","[1, 0.5, 0.0, 0.0]",14,1.4397960277542678,0.9920590714628985,1.8875329840456372,529.15721724203,522.7155964723725
"[10, 1, 20, 20]","[1, 0.5, 0.0, 0.0]",15,1.4397960277542678,0.9920590714628985,1.8875329840456372,529.15721724203,522.7155964723725
"[10, 1, 20, 20]","[1, 0.5, 0.0, 0.0]",16,1.4397960277542678,0.9920590714628985,1.8875329840456372,529.15721724203,522.7155964723725
"[10, 1, 20, 20]","[1, 0.5, 0.0, 0.0]",17,1.4397960277542678,0.9920590714628985,1.8875329840456372,529.15721724203,522.7155964723725
"[10, 1, 20, 20]","[1, 0.5, 0.0, 0.0]",18,1.4397960277542678,0.9920590714628985,1.8875329840456372,529.15721724203,522.7155964723725
"[10, 1, 20, 20]","[1, 0.5, 0.0, 0.0]",19,1.4397960277542678,0.9920590714628985,1.8875329840456372,529.15721724203,522.7155964723725
"[10, 1, 20, 20]","[1, 0.5, 0.0, 0.0]",20,1.4397960277542678,0.9920590714628985,1.8875329840456372,529.15721724203,522.7155964723725
"[10, 1, 20, 80]","[1, 0.5, -0.1, -0.2]",0,1.0167319396275902,0.5932813155935159,1.4401825636616645,961.040911600296,951.8616092993364
"[10, 1, 20, 80]","[1, 0.5, -0.1, -0.2]",1,2.4515152101504984,1.9855687293878281,2.9174616909131688,970.4205406306137,951.8616092993364
"[10, 1, 20, 80]","[1, 0.5, -0.1, -0.2]",2,4.036466723322599,3.5398904318002478,4.53304301484495,984.7539630992198,951.8616092993364
"[10, 1, 20, 80]","[1, 0.5, -0.1, -0.2]",3,4.180109663507226,3.6821052230838935,4.678114103930558,986.1932442290113,951.8616092993364
"[10, 1, 20, 80]","[1, 0.5, -0.1, -0.2]",4,4.135009727448136,3.6401844292328116,4.62983502566346,985.8166569889961,951.8616092993364
"[10, 1, 20, 80]","[1, 0.5, -0.1, -0.2]",5,4.135009727448136,3.6401844292328116,4.62983502566346,985.8166569889961,951.8616092993364
"[10, 1, 20, 80]","[1, 0.5, -0.1, -0.2]",6,4.136672906339249,3.6408626953404513,4.6324831173380465,985.8066331586724,951.8616092993364
"[10, 1, 20, 80]","[1, 0.5, -0.1, -0.2]",7,4.136672906339249,3.6408626953404513,4.6324831173380465,985.8066331586724,951.8616092993364
"[10, 1, 20, 80]","[1, 0.5, -0.1, -0.2]",8,4.137411793172417,3.6418838904740736,4.63293969587076,985.8134120160641,951.8616092993364
"[10, 1, 20, 80]","[1, 0.5, -0.1, -0.2]",9,4.137411793172417,3.6418838904740736,4.63293969587076,985.8134120160641,951.8616092993364
"[10, 1, 20, 80]","[1, 0.5, -0.1, -0.2]",10,4.137411793172417,3.6418838904740736,4.63293969587076,985.8134120160641,951.8616092993364
"[10, 1, 20, 80]","[1, 0.5, -0.1, -0.2]",11,4.246151260657327,3.7502384801212862,4.742064041193368,986.8059514155547,951.8616092993364
"[10, 1, 20, 80]","[1, 0.5, -0.1, -0.2]",12,4.246151260657327,3.7502384801212862,4.742064041193368,986.8059514155547,951.8616092993364
"[10, 1, 20, 80]","[1, 0.5, -0.1, -0.2]",13,4.246151260657327,3.7502384801212862,4.742064041193368,986.8059514155547,951.8616092993364
"[10, 1, 20, 80]","[1, 0.5, -0.1, -0.2]",14,4.210812095915507,3.7160669752725948,4.70555721655842,986.4808262284107,951.8616092993364
"[10, 1, 20, 80]","[1, 0.5, -0.1, -0.2]",15,4.210812095915507,3.7160669752725948,4.70555721655842,986.4808262284107,951.8616092993364
"[10, 1, 20, 80]","[1, 0.5, -0.1, -0.2]",16,4.210812095915507,3.7160669752725948,4.70555721655842,986.4808262284107,951.8616092993364
"[10, 1, 20, 80]","[1, 0.5, -0.1, -0.2]",17,4.210812095915507,3.7160669752725948,4.70555721655842,986.4808262284107,951.8616092993364
"[10, 1, 20, 80]","[1, 0.5, -0.1, -0.2]",18,4.210812095915507,3.7160669752725948,4.70555721655842,986.4808262284107,951.8616092993364
"[10, 1, 20, 80]","[1, 0.5, -0.1, -0.2]",19,4.210812095915507,3.7160669752725948,4.70555721655842,986.4808262284107,951.8616092993364
"[10, 1, 20, 80]","[1, 0.5, -0.1, -0.2]",20,4.210812095915507,3.7160669752725948,4.70555721655842,986.4808262284107,951.8616092993364
"[10, 1, 20, 80]","[1, 0.5, -0.05, -0.1]",0,4.288283414018593,3.6041240789894955,4.97244274904769,898.442531113896,863.2372402065473
"[10, 1, 20, 80]","[1, 0.5, -0.05, -0.1]",1,2.7449028887046287,2.2854809773527647,3.204324800056493,882.4186931972657,863.2372402065473
"[10, 1, 20, 80]","[1, 0.5, -0.05, -0.1]",2,3.148817195335998,2.6326782700092344,3.664956120662761,885.5837625822633,863.2372402065473
"[10, 1, 20, 80]","[1, 0.5, -0.05, -0.1]",3,3.0340614230145966,2.5713035947988536,3.4968192512303395,884.68851105397,863.2372402065473
"[10, 1, 20, 80]","[1, 0.5, -0.05, -0.1]",4,3.144365705534563,2.677365427550885,3.611365983518241,885.5192607869512,863.2372402065473
"[10, 1, 20, 80]","[1, 0.5, -0.05, -0.1]",5,3.495725835635868,2.961680765183471,4.029770906088265,888.2457687934644,863.2372402065473
"[10, 1, 20, 80]","[1, 0.5, -0.05, -0.1]",6,3.633135593151561,3.1537698533442238,4.112501332958899,889.3855491920747,863.2372402065473
"[10, 1, 20, 80]","[1, 0.5, -0.05, -0.1]",7,3.633135593151561,3.1537698533442238,4.112501332958899,889.3855491920747,863.2372402065473
"[10, 1, 20, 80]","[1, 0.5, -0.05, -0.1]",8,4.976653168952696,4.397880840692898,5.555425497212494,900.1968894929098,863.2372402065473
"[10, 1, 20, 80]","[1, 0.5, -0.05, -0.1]",9,5.238772851041487,4.7106741732365505,5.766871528846424,902.3989370047298,863.2372402065473
"[10, 1, 20, 80]","[1, 0.5, -0.05, -0.1]",10,5.186636771943132,4.660552103413799,5.712721440472464,901.9802690976439,863.2372402065473
"[10, 1, 20, 80]","[1, 0.5, -0.05, -0.1]",11,5.186636771943132,4.660552103413799,5.712721440472464,901.9802690976439,863.2372402065473
"[10, 1, 20, 80]","[1, 0.5, -0.05, -0.1]",12,5.186636771943132,4.660552103413799,5.712721440472464,901.9802690976439,863.2372402065473
"[10, 1, 20, 80]","[1, 0.5, -0.05, -0.1]",13,5.186636771943132,4.660552103413799,5.712721440472464,901.9802690976439,863.2372402065473
"[10, 1, 20, 80]","[1, 0.5, -0.05, -0.1]",14,5.186636771943132,4.660552103413799,5.712721440472464,901.9802690976439,863.2372402065473
"[10, 1, 20, 80]","[1, 0.5, -0.05, -0.1]",15,5.162320328666905,4.637900234547236,5.686740422786573,901.8253296110483,863.2372402065473
"[10, 1, 20, 80]","[1, 0.5, -0.05, -0.1]",16,5.162320328666905,4.637900234547236,5.686740422786573,901.8253296110483,863.2372402065473
"[10, 1, 20, 80]","[1, 0.5, -0.05, -0.1]",17,5.162320328666905,4.637900234547236,5.686740422786573,901.8253296110483,863.2372402065473
"[10, 1, 20, 80]","[1, 0.5, -0.05, -0.1]",18,5.162320328666905,4.637900234547236,5.686740422786573,901.8253296110483,863.2372402065473
"[10, 1, 20, 80]","[1, 0.5, -0.05, -0.1]",19,5.162320328666905,4.637900234547236,5.686740422786573,901.8253296110483,863.2372402065473
"[10, 1, 20, 80]","[1, 0.5, -0.05, -0.1]",20,5.162320328666905,4.637900234547236,5.686740422786573,901.8253296110483,863.2372402065473
"[10, 1, 20, 80]","[1, 0.5, -0.2, -0.1]",0,0.862507664110237,0.5187644220865908,1.2062509061338833,924.0238606267371,916.7365122431596
"[10, 1, 20, 80]","[1, 0.5, -0.2, -0.1]",1,2.6698151066018463,2.2247626071259323,3.1148676060777603,936.6522582538568,916.7365122431596
"[10, 1, 20, 80]","[1, 0.5, -0.2, -0.1]",2,2.6684072893100548,2.2227105027954757,3.114104075824634,936.7191448975279,916.7365122431596
"[10, 1, 20, 80]","[1, 0.5, -0.2, -0.1]",3,2.7553475031458166,2.304576744778328,3.2061182615133053,937.3550400533271,916.7365122431596
"[10, 1, 20, 80]","[1, 0.5, -0.2, -0.1]",4,4.240994368826996,3.7341517474951464,4.747836990158846,950.1060324101553,916.7365122431596
"[10, 1, 20, 80]","[1, 0.5, -0.2, -0.1]",5,4.218802628404656,3.711721505744787,4.725883751064524,949.9234155977256,916.7365122431596
"[10, 1, 20, 80]","[1, 0.5, -0.2, -0.1]",6,4.218802628404656,3.711721505744787,4.725883751064524,949.9234155977256,916.7365122431596
"[10, 1, 20, 80]","[1, 0.5, -0.2, -0.1]",7,4.218802628404656,3.711721505744787,4.725883751064524,949.9234155977256,916.7365122431596
"[10, 1, 20, 80]","[1, 0.5, -0.2, -0.1]",8,4.218802628404656,3.711721505744787,4.725883751064524,949.9234155977256,916.7365122431596
"[10, 1, 20, 80]","[1, 0.5, -0.2, -0.1]",9,4.218802628404656,3.711721505744787,4.725883751064524,949.9234155977256,916.7365122431596
"[10, 1, 20, 80]","[1, 0.5, -0.2, -0.1]",10,4.218802628404656,3.711721505744787,4.725883751064524,949.9234155977256,916.7365122431596
"[10, 1, 20, 80]","[1, 0.5, -0.2, -0.1]",11,4.218802628404656,3.711721505744787,4.725883751064524,949.9234155977256,916.7365122431596
"[10, 1, 20, 80]","[1, 0.5, -0.2, -0.1]",12,4.218802628404656,3.711721505744787,4.725883751064524,949.9234155977256,916.7365122431596
"[10, 1, 20, 80]","[1, 0.5, -0.2, -0.1]",13,4.218802628404656,3.711721505744787,4.725883751064524,949.9234155977256,916.7365122431596
"[10, 1, 20, 80]","[1, 0.5, -0.2, -0.1]",14,4.218802628404656,3.711721505744787,4.725883751064524,949.9234155977256,916.7365122431596
"[10, 1, 20, 80]","[1, 0.5, -0.2, -0.1]",15,4.218802628404656,3.711721505744787,4.725883751064524,949.9234155977256,916.7365122431596
"[10, 1, 20, 80]","[1, 0.5, -0.2, -0.1]",16,4.218802628404656,3.711721505744787,4.725883751064524,949.9234155977256,916.7365122431596
"[10, 1, 20, 80]","[1, 0.5, -0.2, -0.1]",17,4.218802628404656,3.711721505744787,4.725883751064524,949.9234155977256,916.7365122431596
"[10, 1, 20, 80]","[1, 0.5, -0.2, -0.1]",18,4.218802628404656,3.711721505744787,4.725883751064524,949.9234155977256,916.7365122431596
"[10, 1, 20, 80]","[1, 0.5, -0.2, -0.1]",19,4.218802628404656,3.711721505744787,4.725883751064524,949.9234155977256,916.7365122431596
"[10, 1, 20, 80]","[1, 0.5, -0.2, -0.1]",20,4.218802628404656,3.711721505744787,4.725883751064524,949.9234155977256,916.7365122431596
"[10, 1, 20, 80]","[1, 0.5, -0.1, -0.05]",0,3.1172894770503343,2.4728701856528588,3.76170876844781,856.8784175828719,832.6940773371308
"[10, 1, 20, 80]","[1, 0.5, -0.1, -0.05]",1,2.2730790250572364,1.7609199696863578,2.785238080428115,847.3453957711718,832.6940773371308
"[10, 1, 20, 80]","[1, 0.5, -0.1, -0.05]",2,4.594470829792634,3.9991435422120984,5.1897981173731695,864.6953480426826,832.6940773371308
"[10, 1, 20, 80]","[1, 0.5, -0.1, -0.05]",3,4.669120380195096,4.108281981168948,5.229958779221245,865.1168980832286,832.6940773371308
"[10, 1, 20, 80]","[1, 0.5, -0.1, -0.05]",4,4.797379753705781,4.234777147215523,5.359982360196039,866.0346263129833,832.6940773371308
"[10, 1, 20, 80]","[1, 0.5, -0.1, -0.05]",5,5.045360078384924,4.474186829160411,5.616533327609437,867.9042176677158,832.6940773371308
"[10, 1, 20, 80]","[1, 0.5, -0.1, -0.05]",6,5.013844154858051,4.445134852209015,5.582553457507086,867.6557884594596,832.6940773371308
"[10, 1, 20, 80]","[1, 0.5, -0.1, -0.05]",7,5.0442872220698,4.476033253840843,5.6125411902987565,867.9523782239612,832.6940773371308
"[10, 1, 20, 80]","[1, 0.5, -0.1, -0.05]",8,5.0442872220698,4.476033253840843,5.6125411902987565,867.9523782239612,832.6940773371308
"[10, 1, 20, 80]","[1, 0.5, -0.1, -0.05]",9,5.0442872220698,4.476033253840843,5.6125411902987565,867.9523782239612,832.6940773371308
"[10, 1, 20, 80]","[1, 0.5, -0.1, -0.05]",10,5.0442872220698,4.476033253840843,5.6125411902987565,867.9523782239612,832.6940773371308
"[10, 1, 20, 80]","[1, 0.5, -0.1, -0.05]",11,5.0442872220698,4.476033253840843,5.6125411902987565,867.9523782239612,832.6940773371308
"[10, 1, 20, 80]","[1, 0.5, -0.1, -0.05]",12,5.0442872220698,4.476033253840843,5.6125411902987565,867.9523782239612,832.6940773371308
"[10, 1, 20, 80]","[1, 0.5, -0.1, -0.05]",13,5.0442872220698,4.476033253840843,5.6125411902987565,867.9523782239612,832.6940773371308
"[10, 1, 20, 80]","[1, 0.5, -0.1, -0.05]",14,5.0442872220698,4.476033253840843,5.6125411902987565,867.9523782239612,832.6940773371308
"[10, 1, 20, 80]","[1, 0.5, -0.1, -0.05]",15,5.141198428028409,4.570049572194,5.712347283862819,868.6905760436387,832.6940773371308
"[10, 1, 20, 80]","[1, 0.5, -0.1, -0.05]",16,5.141198428028409,4.570049572194,5.712347283862819,868.6905760436387,832.6940773371308
"[10, 1, 20, 80]","[1, 0.5, -0.1, -0.05]",17,5.141198428028409,4.570049572194,5.712347283862819,868.6905760436387,832.6940773371308
"[10, 1, 20, 80]","[1, 0.5, -0.1, -0.05]",18,5.141198428028409,4.570049572194,5.712347283862819,868.6905760436387,832.6940773371308
"[10, 1, 20, 80]","[1, 0.5, -0.1, -0.05]",19,5.141198428028409,4.570049572194,5.712347283862819,868.6905760436387,832.6940773371308
"[10, 1, 20, 80]","[1, 0.5, -0.1, -0.05]",20,5.141198428028409,4.570049572194,5.712347283862819,868.6905760436387,832.6940773371308
"[10, 1, 20, 80]","[1, 0.5, 0.0, 0.0]",0,13.849444129321364,12.793766360201062,14.905121898441667,877.7248948870332,775.6369834988241
"[10, 1, 20, 80]","[1, 0.5, 0.0, 0.0]",1,3.7933010888252117,3.199757668780454,4.386844508869969,800.5487585489382,775.6369834988241
"[10, 1, 20, 80]","[1, 0.5, 0.0, 0.0]",2,4.234787220689592,3.6483545624059808,4.821219878973203,803.2919736268244,775.6369834988241
"[10, 1, 20, 80]","[1, 0.5, 0.0, 0.0]",3,6.198060872275803,5.53435573447968,6.861766010071925,816.9360196016936,775.6369834988241
"[10, 1, 20, 80]","[1, 0.5, 0.0, 0.0]",4,6.250784238820876,5.586182287302972,6.915386190338781,817.226321710378,775.6369834988241
"[10, 1, 20, 80]","[1, 0.5, 0.0, 0.0]",5,6.310175511640174,5.645621032619797,6.974729990660551,817.6695978757779,775.6369834988241
"[10, 1, 20, 80]","[1, 0.5, 0.0, 0.0]",6,6.520265779614717,5.854309091263947,7.186222467965487,819.3125917144306,775.6369834988241
"[10, 1, 20, 80]","[1, 0.5, 0.0, 0.0]",7,6.5416010661717845,5.87367630639026,7.209525825953309,819.4020191365966,775.6369834988241
"[10, 1, 20, 80]","[1, 0.5, 0.0, 0.0]",8,6.5416010661717845,5.87367630639026,7.209525825953309,819.4020191365966,775.6369834988241
"[10, 1, 20, 80]","[1, 0.5, 0.0, 0.0]",9,6.617622498804851,5.951451887889756,7.283793109719945,819.9267283746645,775.6369834988241
"[10, 1, 20, 80]","[1, 0.5, 0.0, 0.0]",10,6.617622498804851,5.951451887889756,7.283793109719945,819.9267283746645,775.6369834988241
"[10, 1, 20, 80]","[1, 0.5, 0.0, 0.0]",11,6.617622498804851,5.951451887889756,7.283793109719945,819.9267283746645,775.6369834988241
"[10, 1, 20, 80]","[1, 0.5, 0.0, 0.0]",12,6.617622498804851,5.951451887889756,7.283793109719945,819.9267283746645,775.6369834988241
"[10, 1, 20, 80]","[1, 0.5, 0.0, 0.0]",13,6.617622498804851,5.951451887889756,7.283793109719945,819.9267283746645,775.6369834988241
"[10, 1, 20, 80]","[1, 0.5, 0.0, 0.0]",14,6.560020590802794,5.900585806042237,7.219455375563351,819.6490680631413,775.6369834988241
"[10, 1, 20, 80]","[1, 0.5, 0.0, 0.0]",15,6.560020590802794,5.900585806042237,7.219455375563351,819.6490680631413,775.6369834988241
"[10, 1, 20, 80]","[1, 0.5, 0.0, 0.0]",16,6.560020590802794,5.900585806042237,7.219455375563351,819.6490680631413,775.6369834988241
"[10, 1, 20, 80]","[1, 0.5, 0.0, 0.0]",17,6.560020590802794,5.900585806042237,7.219455375563351,819.6490680631413,775.6369834988241
"[10, 1, 20, 80]","[1, 0.5, 0.0, 0.0]",18,6.643277443519097,5.982974633974918,7.303580253063276,820.246419256677,775.6369834988241
"[10, 1, 20, 80]","[1, 0.5, 0.0, 0.0]",19,6.643277443519097,5.982974633974918,7.303580253063276,820.246419256677,775.6369834988241
"[10, 1, 20, 80]","[1, 0.5, 0.0, 0.0]",20,6.643277443519097,5.982974633974918,7.303580253063276,820.246419256677,775.6369834988241
"[100, 1, 20, 5]","[1, 0.5, -0.1, -0.2]",0,9.356896838075194,8.80816965699184,9.905624019158548,1622.3473850832188,1485.7509476558891
"[100, 1, 20, 5]","[1, 0.5, -0.1, -0.2]",1,1.0600618748218493,0.7838025269402578,1.336321222703441,1499.9427649795605,1485.7509476558891
"[100, 1, 20, 5]","[1, 0.5, -0.1, -0.2]",2,0.4322167205382048,0.23717528405877805,0.6272581570176315,1491.4208355830317,1485.7509476558891
"[100, 1, 20, 5]","[1, 0.5, -0.1, -0.2]",3,0.054025636066509494,-0.02453472110228501,0.132585993235304,1486.494909609848,1485.7509476558891
"[100, 1, 20, 5]","[1, 0.5, -0.1, -0.2]",4,0.0984882798211138,-0.0014209383086251637,0.19839749795085276,1487.0935132159354,1485.7509476558891
"[100, 1, 20, 5]","[1, 0.5, -0.1, -0.2]",5,0.0984882798211138,-0.0014209383086251637,0.19839749795085276,1487.0935132159354,1485.7509476558891
"[100, 1, 20, 5]","[1, 0.5, -0.1, -0.2]",6,0.09907781373060301,-0.0008904675935796635,0.19904609505478568,1487.1050732523906,1485.7509476558891
"[100, 1, 20, 5]","[1, 0.5, -0.1, -0.2]",7,0.4244355681885953,0.22320710203637878,0.6256640343408117,1491.3551095639748,1485.7509476558891
"[100, 1, 20, 5]","[1, 0.5, -0.1, -0.2]",8,0.05952003203159326,-0.014791216679986889,0.1338312807431734,1486.6281585825068,1485.7509476558891
"[100, 1, 20, 5]","[1, 0.5, -0.1, -0.2]",9,0.05952003203159326,-0.014791216679986889,0.1338312807431734,1486.6281585825068,1485.7509476558891
"[100, 1, 20, 5]","[1, 0.5, -0.1, -0.2]",10,0.05952003203159326,-0.014791216679986889,0.1338312807431734,1486.6281585825068,1485.7509476558891
"[100, 1, 20, 5]","[1, 0.5, -0.1, -0.2]",11,0.09571395197579985,-0.0043677743132643915,0.1957956782648641,1487.162799903072,1485.7509476558891
"[100, 1, 20, 5]","[1, 0.5, -0.1, -0.2]",12,0.13413675179995982,0.009360559415005867,0.2589129441849138,1487.654984299925,1485.7509476558891
"[100, 1, 20, 5]","[1, 0.5, -0.1, -0.2]",13,0.13413675179995982,0.009360559415005867,0.2589129441849138,1487.654984299925,1485.7509476558891
"[100, 1, 20, 5]","[1, 0.5, -0.1, -0.2]",14,0.13413675179995982,0.009360559415005867,0.2589129441849138,1487.654984299925,1485.7509476558891
"[100, 1, 20, 5]","[1, 0.5, -0.1, -0.2]",15,0.14122635652895446,0.01622624042175591,0.266226472636153,1487.751492281526,1485.7509476558891
"[100, 1, 20, 5]","[1, 0.5, -0.1, -0.2]",16,0.14122635652895446,0.01622624042175591,0.266226472636153,1487.751492281526,1485.7509476558891
"[100, 1, 20, 5]","[1, 0.5, -0.1, -0.2]",17,0.5361333984040833,0.31367866731951677,0.7585881294886497,1492.9119831594476,1485.7509476558891
"[100, 1, 20, 5]","[1, 0.5, -0.1, -0.2]",18,0.13413675179995982,0.009360559415005867,0.2589129441849138,1487.654984299925,1485.7509476558891
"[100, 1, 20, 5]","[1, 0.5, -0.1, -0.2]",19,0.5216509466932826,0.30024369126514927,0.7430582021214159,1492.7085059721362,1485.7509476558891
"[100, 1, 20, 5]","[1, 0.5, -0.1, -0.2]",20,0.5216509466932826,0.30024369126514927,0.7430582021214159,1492.7085059721362,1485.7509476558891
"[100, 1, 20, 5]","[1, 0.5, -0.05, -0.1]",0,15.615585054243267,14.987611698383411,16.243558410103123,1529.4202078326696,1324.9641321557333
"[100, 1, 20, 5]","[1, 0.5, -0.05, -0.1]",1,1.6931273063033827,1.3597788215483804,2.026475791058385,1345.1014914922048,1324.9641321557333
"[100, 1, 20, 5]","[1, 0.5, -0.05, -0.1]",2,0.6596323012215884,0.4268854120506137,0.8923791903925632,1332.7134270920717,1324.9641321557333
"[100, 1, 20, 5]","[1, 0.5, -0.05, -0.1]",3,0.6083215978356324,0.37692130267490276,0.8397218929963621,1332.043051505202,1324.9641321557333
"[100, 1, 20, 5]","[1, 0.5, -0.05, -0.1]",4,0.591844576415041,0.35693533993830184,0.8267538128917801,1331.7976701797181,1324.9641321557333
"[100, 1, 20, 5]","[1, 0.5, -0.05, -0.1]",5,0.6226588526119909,0.3771075667555783,0.8682101384684036,1332.090131912042,1324.9641321557333
"[100, 1, 20, 5]","[1, 0.5, -0.05, -0.1]",6,0.6852004159745287,0.4373343004753061,0.9330665314737514,1332.84897515613,1324.9641321557333
"[100, 1, 20, 5]","[1, 0.5, -0.05, -0.1]",7,0.4993904143363368,0.2610143205420339,0.7377665081306397,1330.4211227613487,1324.9641321557333
"[100, 1, 20, 5]","[1, 0.5, -0.05, -0.1]",8,0.5407604961637935,0.3004178556753316,0.7811031366522554,1330.9779626384543,1324.9641321557333
"[100, 1, 20, 5]","[1, 0.5, -0.05, -0.1]",9,0.590466201606835,0.34487061751670556,0.8360617856969645,1331.506838672556,1324.9641321557333
"[100, 1, 20, 5]","[1, 0.5, -0.05, -0.1]",10,0.5882854767976873,0.3423731396653187,0.8341978139300559,1331.4757618881479,1324.9641321557333
"[100, 1, 20, 5]","[1, 0.5, -0.05, -0.1]",11,0.5882854767976873,0.3423731396653187,0.8341978139300559,1331.4757618881479,1324.9641321557333
"[100, 1, 20, 5]","[1, 0.5, -0.05, -0.1]",12,0.38313216757523433,0.16023328057991082,0.6060310545705578,1329.0306479068183,1324.9641321557333
"[100, 1, 20, 5]","[1, 0.5, -0.05, -0.1]",13,0.46210616017522543,0.2227920879738825,0.7014202323765684,1329.878714291002,1324.9641321557333
"[100, 1, 20, 5]","[1, 0.5, -0.05, -0.1]",14,0.6171423594471612,0.3638647942228098,0.8704199246715126,1331.9649321902948,1324.9641321557333
"[100, 1, 20, 5]","[1, 0.5, -0.05, -0.1]",15,0.6171423594471612,0.3638647942228098,0.8704199246715126,1331.9649321902948,1324.9641321557333
"[100, 1, 20, 5]","[1, 0.5, -0.05, -0.1]",16,0.5219744579363407,0.2789401555660422,0.7650087603066391,1330.7110251154563,1324.9641321557333
"[100, 1, 20, 5]","[1, 0.5, -0.05, -0.1]",17,0.6240956225465818,0.3707541578828919,0.8774370872102717,1332.0559552369666,1324.9641321557333
"[100, 1, 20, 5]","[1, 0.5, -0.05, -0.1]",18,0.6240956225465818,0.3707541578828919,0.8774370872102717,1332.0559552369666,1324.9641321557333
"[100, 1, 20, 5]","[1, 0.5, -0.05, -0.1]",19,0.6240956225465818,0.3707541578828919,0.8774370872102717,1332.0559552369666,1324.9641321557333
"[100, 1, 20, 5]","[1, 0.5, -0.05, -0.1]",20,0.6240956225465818,0.3707541578828919,0.8774370872102717,1332.0559552369666,1324.9641321557333
"[100, 1, 20, 5]","[1, 0.5, -0.2, -0.1]",0,9.71436322878905,9.174582261922824,10.254144195655277,1623.4911195083766,1481.948513012827
"[100, 1, 20, 5]","[1, 0.5, -0.2, -0.1]",1,2.0054187081891337,1.6493250114246383,2.361512404953629,1508.7681492664615,1481.948513012827
"[100, 1, 20, 5]","[1, 0.5, -0.2, -0.1]",2,1.362857347598815,1.049596007853998,1.676118687343632,1500.1558695355143,1481.948513012827
"[100, 1, 20, 5]","[1, 0.5, -0.2, -0.1]",3,1.2278526379985688,0.9161136977661968,1.5395915782309408,1498.0804657938052,1481.948513012827
"[100, 1, 20, 5]","[1, 0.5, -0.2, -0.1]",4,0.9961511534061653,0.6915431339772604,1.3007591728350703,1494.8739065437444,1481.948513012827
"[100, 1, 20, 5]","[1, 0.5, -0.2, -0.1]",5,0.9948347238570044,0.6934586281149531,1.2962108195990558,1494.8914557442135,1481.948513012827
"[100, 1, 20, 5]","[1, 0.5, -0.2, -0.1]",6,0.4983246050770886,0.26620071262714734,0.7304484975270298,1488.3398705989318,1481.948513012827
"[100, 1, 20, 5]","[1, 0.5, -0.2, -0.1]",7,0.4832638722364905,0.2512331822714159,0.7152945622015651,1488.0953434776027,1481.948513012827
"[100, 1, 20, 5]","[1, 0.5, -0.2, -0.1]",8,0.49049639481979507,0.25771684596488686,0.7232759436747033,1488.2009734976398,1481.948513012827
"[100, 1, 20, 5]","[1, 0.5, -0.2, -0.1]",9,0.9947206958766667,0.6913072774280002,1.298134114325333,1494.8626587979245,1481.948513012827
"[100, 1, 20, 5]","[1, 0.5, -0.2, -0.1]",10,0.3817367735881133,0.1673458659957768,0.5961276811804498,1486.7568392394417,1481.948513012827
"[100, 1, 20, 5]","[1, 0.5, -0.2, -0.1]",11,0.8459233782530794,0.5523130683996977,1.139533688106461,1492.8518289490207,1481.948513012827
"[100, 1, 20, 5]","[1, 0.5, -0.2, -0.1]",12,0.8459233782530794,0.5523130683996977,1.139533688106461,1492.8518289490207,1481.948513012827
"[100, 1, 20, 5]","[1, 0.5, -0.2, -0.1]",13,0.8061594424786115,0.5205839666676906,1.0917349182895324,1492.3043305040715,1481.948513012827
"[100, 1, 20, 5]","[1, 0.5, -0.2, -0.1]",14,0.7991951646316314,0.5142068243574068,1.0841835049058561,1492.2081759458117,1481.948513012827
"[100, 1, 20, 5]","[1, 0.5, -0.2, -0.1]",15,0.7991951646316314,0.5142068243574068,1.0841835049058561,1492.2081759458117,1481.948513012827
"[100, 1, 20, 5]","[1, 0.5, -0.2, -0.1]",16,0.8035424858326794,0.5201754988420688,1.08690947282329,1492.2971635053414,1481.948513012827
"[100, 1, 20, 5]","[1, 0.5, -0.2, -0.1]",17,0.8035424858326794,0.5201754988420688,1.08690947282329,1492.2971635053414,1481.948513012827
"[100, 1, 20, 5]","[1, 0.5, -0.2, -0.1]",18,0.8035424858326794,0.5201754988420688,1.08690947282329,1492.2971635053414,1481.948513012827
"[100, 1, 20, 5]","[1, 0.5, -0.2, -0.1]",19,0.8036643662659612,0.5190260933820001,1.0883026391499222,1492.2763325092503,1481.948513012827
"[100, 1, 20, 5]","[1, 0.5, -0.2, -0.1]",20,0.8036643662659612,0.5190260933820001,1.0883026391499222,1492.2763325092503,1481.948513012827
"[100, 1, 20, 5]","[1, 0.5, -0.1, -0.05]",0,19.66533340234435,18.956776470001284,20.373890334687413,1506.8468275127461,1262.4524629639877
"[100, 1, 20, 5]","[1, 0.5, -0.1, -0.05]",1,1.3355438722937139,0.9750642562252847,1.696023488362143,1276.5082552219944,1262.4524629639877
"[100, 1, 20, 5]","[1, 0.5, -0.1, -0.05]",2,0.8475723642028472,0.5131875180845226,1.1819572103211717,1270.8334910060323,1262.4524629639877
"[100, 1, 20, 5]","[1, 0.5, -0.1, -0.05]",3,0.6794984940888438,0.3459141642126372,1.0130828239650502,1268.723459185016,1262.4524629639877
"[100, 1, 20, 5]","[1, 0.5, -0.1, -0.05]",4,0.7661256492135223,0.42603235557125624,1.1062189428557885,1269.8213063013116,1262.4524629639877
"[100, 1, 20, 5]","[1, 0.5, -0.1, -0.05]",5,0.7702863844907178,0.431937596873216,1.1086351721082197,1269.890607655413,1262.4524629639877
"[100, 1, 20, 5]","[1, 0.5, -0.1, -0.05]",6,0.8235939265001423,0.4469602756988878,1.2002275773013968,1270.1881331312402,1262.4524629639877
"[100, 1, 20, 5]","[1, 0.5, -0.1, -0.05]",7,0.7759563564597114,0.42577369397438325,1.1261390189450395,1269.9147112065036,1262.4524629639877
"[100, 1, 20, 5]","[1, 0.5, -0.1, -0.05]",8,0.9068156573625078,0.5440406619937868,1.2695906527312288,1271.4258526760086,1262.4524629639877
"[100, 1, 20, 5]","[1, 0.5, -0.1, -0.05]",9,0.9581510522773247,0.5851083064232474,1.331193798131402,1271.896713771991,1262.4524629639877
"[100, 1, 20, 5]","[1, 0.5, -0.1, -0.05]",10,0.9591976777037864,0.5862545866995634,1.3321407687080093,1271.9104449717788,1262.4524629639877
"[100, 1, 20, 5]","[1, 0.5, -0.1, -0.05]",11,1.0921313227418163,0.7169127451295423,1.4673499003540904,1273.6422371017845,1262.4524629639877
"[100, 1, 20, 5]","[1, 0.5, -0.1, -0.05]",12,1.0931330014613458,0.7179507539562804,1.4683152489664113,1273.6517103143992,1262.4524629639877
"[100, 1, 20, 5]","[1, 0.5, -0.1, -0.05]",13,1.0911355248450592,0.7161876790317137,1.4660833706584047,1273.6288528556956,1262.4524629639877
"[100, 1, 20, 5]","[1, 0.5, -0.1, -0.05]",14,1.0914009950285684,0.7164560348173685,1.4663459552397682,1273.6327352582352,1262.4524629639877
"[100, 1, 20, 5]","[1, 0.5, -0.1, -0.05]",15,1.0914009950285684,0.7164560348173685,1.4663459552397682,1273.6327352582352,1262.4524629639877
"[100, 1, 20, 5]","[1, 0.5, -0.1, -0.05]",16,1.0914009950285684,0.7164560348173685,1.4663459552397682,1273.6327352582352,1262.4524629639877
"[100, 1, 20, 5]","[1, 0.5, -0.1, -0.05]",17,1.0709999282353877,0.6949971477452591,1.4470027087255164,1273.3921155814664,1262.4524629639877
"[100, 1, 20, 5]","[1, 0.5, -0.1, -0.05]",18,1.0709999282353877,0.6949971477452591,1.4470027087255164,1273.3921155814664,1262.4524629639877
"[100, 1, 20, 5]","[1, 0.5, -0.1, -0.05]",19,1.065731746202401,0.685785780088929,1.4456777123158728,1273.2986746624074,1262.4524629639877
"[100, 1, 20, 5]","[1, 0.5, -0.1, -0.05]",20,1.065731746202401,0.685785780088929,1.4456777123158728,1273.2986746624074,1262.4524629639877
"[100, 1, 20, 5]","[1, 0.5, 0.0, 0.0]",0,14.492279114972325,13.902998008489426,15.081560221455224,1332.6605365994371,1166.6752716430187
"[100, 1, 20, 5]","[1, 0.5, 0.0, 0.0]",1,2.9124815189293463,2.4882530319735268,3.3367100058851658,1197.0117977789128,1166.6752716430187
"[100, 1, 20, 5]","[1, 0.5, 0.0, 0.0]",2,1.926184129267945,1.5207483326593343,2.3316199258765558,1185.7349564778917,1166.6752716430187
"[100, 1, 20, 5]","[1, 0.5, 0.0, 0.0]",3,1.3209087169086842,0.9450916654308467,1.6967257683865218,1179.2565335523161,1166.6752716430187
"[100, 1, 20, 5]","[1, 0.5, 0.0, 0.0]",4,1.289437028477661,0.9152081453522205,1.6636659116031016,1178.8484354292477,1166.6752716430187
"[100, 1, 20, 5]","[1, 0.5, 0.0, 0.0]",5,1.289437028477661,0.9152081453522205,1.6636659116031016,1178.8484354292477,1166.6752716430187
"[100, 1, 20, 5]","[1, 0.5, 0.0, 0.0]",6,1.2243434848864656,0.853591910347654,1.5950950594252773,1178.1516650508,1166.6752716430187
"[100, 1, 20, 5]","[1, 0.5, 0.0, 0.0]",7,1.2243434848864656,0.853591910347654,1.5950950594252773,1178.1516650508,1166.6752716430187
"[100, 1, 20, 5]","[1, 0.5, 0.0, 0.0]",8,1.2243434848864656,0.853591910347654,1.5950950594252773,1178.1516650508,1166.6752716430187
"[100, 1, 20, 5]","[1, 0.5, 0.0, 0.0]",9,1.2243434848864656,0.853591910347654,1.5950950594252773,1178.1516650508,1166.6752716430187
"[100, 1, 20, 5]","[1, 0.5, 0.0, 0.0]",10,0.5544070140020032,0.33637386645608025,0.7724401615479262,1172.3380821103142,1166.6752716430187
"[100, 1, 20, 5]","[1, 0.5, 0.0, 0.0]",11,0.5544070140020032,0.33637386645608025,0.7724401615479262,1172.3380821103142,1166.6752716430187
"[100, 1, 20, 5]","[1, 0.5, 0.0, 0.0]",12,0.5544070140020032,0.33637386645608025,0.7724401615479262,1172.3380821103142,1166.6752716430187
"[100, 1, 20, 5]","[1, 0.5, 0.0, 0.0]",13,0.5528230403371283,0.3348286283280314,0.7708174523462251,1172.3194461845876,1166.6752716430187
"[100, 1, 20, 5]","[1, 0.5, 0.0, 0.0]",14,0.5528230403371283,0.3348286283280314,0.7708174523462251,1172.3194461845876,1166.6752716430187
"[100, 1, 20, 5]","[1, 0.5, 0.0, 0.0]",15,0.553105592594121,0.3351741154299995,0.7710370697582425,1172.3232736757486,1166.6752716430187
"[100, 1, 20, 5]","[1, 0.5, 0.0, 0.0]",16,0.5412539188359574,0.3236592157083562,0.7588486219635586,1172.1830771859502,1166.6752716430187
"[100, 1, 20, 5]","[1, 0.5, 0.0, 0.0]",17,0.5369764598549794,0.3195897100494592,0.7543632096604997,1172.1224793893844,1166.6752716430187
"[100, 1, 20, 5]","[1, 0.5, 0.0, 0.0]",18,0.3180184873861449,0.13683469291427677,0.4992022818580131,1169.8395150466458,1166.6752716430187
"[100, 1, 20, 5]","[1, 0.5, 0.0, 0.0]",19,0.6550969207721966,0.38460899698773315,0.9255848445566601,1172.9859125031935,1166.6752716430187
"[100, 1, 20, 5]","[1, 0.5, 0.0, 0.0]",20,0.6549365109315431,0.3844754840836099,0.9253975377794764,1172.9861203370729,1166.6752716430187
"[100, 1, 20, 20]","[1, 0.5, -0.1, -0.2]",0,4.633958181657472,4.145156780547541,5.122759582767403,1781.7674657516563,1705.9179951507676
"[100, 1, 20, 20]","[1, 0.5, -0.1, -0.2]",1,0.6942696054048362,0.456926877737423,0.9316123330722493,1716.953239655673,1705.9179951507676
"[100, 1, 20, 20]","[1, 0.5, -0.1, -0.2]",2,0.5192827657365396,0.32123198884023857,0.7173335426328407,1714.2731626106795,1705.9179951507676
"[100, 1, 20, 20]","[1, 0.5, -0.1, -0.2]",3,0.5192827657365396,0.32123198884023857,0.7173335426328407,1714.2731626106795,1705.9179951507676
"[100, 1, 20, 20]","[1, 0.5, -0.1, -0.2]",4,0.5192827657365396,0.32123198884023857,0.7173335426328407,1714.2731626106795,1705.9179951507676
"[100, 1, 20, 20]","[1, 0.5, -0.1, -0.2]",5,0.521243415553613,0.3185684199442137,0.7239184111630123,1714.2979187738433,1705.9179951507676
"[100, 1, 20, 20]","[1, 0.5, -0.1, -0.2]",6,0.521243415553613,0.3185684199442137,0.7239184111630123,1714.2979187738433,1705.9179951507676
"[100, 1, 20, 20]","[1, 0.5, -0.1, -0.2]",7,0.521243415553613,0.3185684199442137,0.7239184111630123,1714.2979187738433,1705.9179951507676
"[100, 1, 20, 20]","[1, 0.5, -0.1, -0.2]",8,0.521243415553613,0.3185684199442137,0.7239184111630123,1714.2979187738433,1705.9179951507676
"[100, 1, 20, 20]","[1, 0.5, -0.1, -0.2]",9,0.589424051557723,0.4078268637213883,0.7710212393940578,1715.6445735134425,1705.9179951507676
"[100, 1, 20, 20]","[1, 0.5, -0.1, -0.2]",10,0.5620278736649434,0.38280526292926087,0.741250484400626,1715.1752067117202,1705.9179951507676
"[100, 1, 20, 20]","[1, 0.5, -0.1, -0.2]",11,0.5620278736649434,0.38280526292926087,0.741250484400626,1715.1752067117202,1705.9179951507676
"[100, 1, 20, 20]","[1, 0.5, -0.1, -0.2]",12,1.4220850762047443,0.9503559693710635,1.8938141830384252,1726.907527649128,1705.9179951507676
"[100, 1, 20, 20]","[1, 0.5, -0.1, -0.2]",13,0.5620278736649434,0.38280526292926087,0.741250484400626,1715.1752067117202,1705.9179951507676
"[100, 1, 20, 20]","[1, 0.5, -0.1, -0.2]",14,0.5620278736649434,0.38280526292926087,0.741250484400626,1715.1752067117202,1705.9179951507676
"[100, 1, 20, 20]","[1, 0.5, -0.1, -0.2]",15,0.5620278736649434,0.38280526292926087,0.741250484400626,1715.1752067117202,1705.9179951507676
"[100, 1, 20, 20]","[1, 0.5, -0.1, -0.2]",16,1.4220850762047443,0.9503559693710635,1.8938141830384252,1726.907527649128,1705.9179951507676
"[100, 1, 20, 20]","[1, 0.5, -0.1, -0.2]",17,0.5620278736649434,0.38280526292926087,0.741250484400626,1715.1752067117202,1705.9179951507676
"[100, 1, 20, 20]","[1, 0.5, -0.1, -0.2]",18,0.5620278736649434,0.38280526292926087,0.741250484400626,1715.1752067117202,1705.9179951507676
"[100, 1, 20, 20]","[1, 0.5, -0.1, -0.2]",19,1.4220850762047443,0.9503559693710635,1.8938141830384252,1726.907527649128,1705.9179951507676
"[100, 1, 20, 20]","[1, 0.5, -0.1, -0.2]",20,0.5620278736649434,0.38280526292926087,0.741250484400626,1715.1752067117202,1705.9179951507676
"[100, 1, 20, 20]","[1, 0.5, -0.05, -0.1]",0,8.538196963948476,7.948735845117763,9.127658082779188,1676.4438761805318,1548.737599638217
"[100, 1, 20, 20]","[1, 0.5, -0.05, -0.1]",1,0.4543155727210891,0.21786599044495433,0.6907651549972238,1554.6493481860714,1548.737599638217
"[100, 1, 20, 20]","[1, 0.5, -0.05, -0.1]",2,0.4543155727210891,0.21786599044495433,0.6907651549972238,1554.6493481860714,1548.737599638217
"[100, 1, 20, 20]","[1, 0.5, -0.05, -0.1]",3,0.3667528927533564,0.17077250985985248,0.5627332756468603,1553.8772438353199,1548.737599638217
"[100, 1, 20, 20]","[1, 0.5, -0.05, -0.1]",4,0.6123324141717983,0.37620937134466187,0.8484554569989347,1557.3439677556373,1548.737599638217
"[100, 1, 20, 20]","[1, 0.5, -0.05, -0.1]",5,0.6123324141717983,0.37620937134466187,0.8484554569989347,1557.3439677556373,1548.737599638217
"[100, 1, 20, 20]","[1, 0.5, -0.05, -0.1]",6,0.6285835470433049,0.3898981314524145,0.8672689626341953,1557.59254680201,1548.737599638217
"[100, 1, 20, 20]","[1, 0.5, -0.05, -0.1]",7,0.636862444082893,0.39805443015281217,0.8756704580129739,1557.7148415100683,1548.737599638217
"[100, 1, 20, 20]","[1, 0.5, -0.05, -0.1]",8,0.636862444082893,0.39805443015281217,0.8756704580129739,1557.7148415100683,1548.737599638217
"[100, 1, 20, 20]","[1, 0.5, -0.05, -0.1]",9,0.8619116095756101,0.5997083379059449,1.1241148812452753,1561.052621489262,1548.737599638217
"[100, 1, 20, 20]","[1, 0.5, -0.05, -0.1]",10,0.8619116095756101,0.5997083379059449,1.1241148812452753,1561.052621489262,1548.737599638217
"[100, 1, 20, 20]","[1, 0.5, -0.05, -0.1]",11,0.8619116095756101,0.5997083379059449,1.1241148812452753,1561.052621489262,1548.737599638217
"[100, 1, 20, 20]","[1, 0.5, -0.05, -0.1]",12,0.8619116095756101,0.5997083379059449,1.1241148812452753,1561.052621489262,1548.737599638217
"[100, 1, 20, 20]","[1, 0.5, -0.05, -0.1]",13,0.8619116095756101,0.5997083379059449,1.1241148812452753,1561.052621489262,1548.737599638217
"[100, 1, 20, 20]","[1, 0.5, -0.05, -0.1]",14,0.8619116095756101,0.5997083379059449,1.1241148812452753,1561.052621489262,1548.737599638217
"[100, 1, 20, 20]","[1, 0.5, -0.05, -0.1]",15,0.8619116095756101,0.5997083379059449,1.1241148812452753,1561.052621489262,1548.737599638217
"[100, 1, 20, 20]","[1, 0.5, -0.05, -0.1]",16,0.8619116095756101,0.5997083379059449,1.1241148812452753,1561.052621489262,1548.737599638217
"[100, 1, 20, 20]","[1, 0.5, -0.05, -0.1]",17,0.8619116095756101,0.5997083379059449,1.1241148812452753,1561.052621489262,1548.737599638217
"[100, 1, 20, 20]","[1, 0.5, -0.05, -0.1]",18,0.8619116095756101,0.5997083379059449,1.1241148812452753,1561.052621489262,1548.737599638217
"[100, 1, 20, 20]","[1, 0.5, -0.05, -0.1]",19,0.8619116095756101,0.5997083379059449,1.1241148812452753,1561.052621489262,1548.737599638217
"[100, 1, 20, 20]","[1, 0.5, -0.05, -0.1]",20,0.8619116095756101,0.5997083379059449,1.1241148812452753,1561.052621489262,1548.737599638217
"[100, 1, 20, 20]","[1, 0.5, -0.2, -0.1]",0,6.290916171726629,5.797163779779079,6.784668563674178,1797.9592741519184,1695.1976370909013
"[100, 1, 20, 20]","[1, 0.5, -0.2, -0.1]",1,0.757505507790049,0.4903961637860507,1.0246148517940472,1706.4612019389458,1695.1976370909013
"[100, 1, 20, 20]","[1, 0.5, -0.2, -0.1]",2,0.31773105140337166,0.09572515509105867,0.5397369477156846,1699.583484344344,1695.1976370909013
"[100, 1, 20, 20]","[1, 0.5, -0.2, -0.1]",3,0.14050529755222532,-0.040916489110990745,0.32192708421544136,1696.9396377951855,1695.1976370909013
"[100, 1, 20, 20]","[1, 0.5, -0.2, -0.1]",4,1.3309862287060579,0.8659827370180668,1.795989720394049,1714.3517544966605,1695.1976370909013
"[100, 1, 20, 20]","[1, 0.5, -0.2, -0.1]",5,1.3309862287060579,0.8659827370180668,1.795989720394049,1714.3517544966605,1695.1976370909013
"[100, 1, 20, 20]","[1, 0.5, -0.2, -0.1]",6,1.3309862287060579,0.8659827370180668,1.795989720394049,1714.3517544966605,1695.1976370909013
"[100, 1, 20, 20]","[1, 0.5, -0.2, -0.1]",7,1.3309862287060579,0.8659827370180668,1.795989720394049,1714.3517544966605,1695.1976370909013
"[100, 1, 20, 20]","[1, 0.5, -0.2, -0.1]",8,1.3309862287060579,0.8659827370180668,1.795989720394049,1714.3517544966605,1695.1976370909013
"[100, 1, 20, 20]","[1, 0.5, -0.2, -0.1]",9,1.3309862287060579,0.8659827370180668,1.795989720394049,1714.3517544966605,1695.1976370909013
"[100, 1, 20, 20]","[1, 0.5, -0.2, -0.1]",10,1.3309862287060579,0.8659827370180668,1.795989720394049,1714.3517544966605,1695.1976370909013
"[100, 1, 20, 20]","[1, 0.5, -0.2, -0.1]",11,1.3309862287060579,0.8659827370180668,1.795989720394049,1714.3517544966605,1695.1976370909013
"[100, 1, 20, 20]","[1, 0.5, -0.2, -0.1]",12,1.3309862287060579,0.8659827370180668,1.795989720394049,1714.3517544966605,1695.1976370909013
"[100, 1, 20, 20]","[1, 0.5, -0.2, -0.1]",13,1.3309862287060579,0.8659827370180668,1.795989720394049,1714.3517544966605,1695.1976370909013
"[100, 1, 20, 20]","[1, 0.5, -0.2, -0.1]",14,1.3309862287060579,0.8659827370180668,1.795989720394049,1714.3517544966605,1695.1976370909013
"[100, 1, 20, 20]","[1, 0.5, -0.2, -0.1]",15,1.3309862287060579,0.8659827370180668,1.795989720394049,1714.3517544966605,1695.1976370909013
"[100, 1, 20, 20]","[1, 0.5, -0.2, -0.1]",16,1.3309862287060579,0.8659827370180668,1.795989720394049,1714.3517544966605,1695.1976370909013
"[100, 1, 20, 20]","[1, 0.5, -0.2, -0.1]",17,1.3309862287060579,0.8659827370180668,1.795989720394049,1714.3517544966605,1695.1976370909013
"[100, 1, 20, 20]","[1, 0.5, -0.2, -0.1]",18,1.3309862287060579,0.8659827370180668,1.795989720394049,1714.3517544966605,1695.1976370909013
"[100, 1, 20, 20]","[1, 0.5, -0.2, -0.1]",19,1.3309862287060579,0.8659827370180668,1.795989720394049,1714.3517544966605,1695.1976370909013
"[100, 1, 20, 20]","[1, 0.5, -0.2, -0.1]",20,1.3505526259958005,0.8817931612048141,1.819312090786787,1714.6742732911164,1695.1976370909013
"[100, 1, 20, 20]","[1, 0.5, -0.1, -0.05]",0,14.055293513195494,13.423897181178365,14.686689845212623,1699.536410212472,1495.1694562201696
"[100, 1, 20, 20]","[1, 0.5, -0.1, -0.05]",1,1.9349009841498004,1.5817526355299374,2.2880493327696634,1522.025512074105,1495.1694562201696
"[100, 1, 20, 20]","[1, 0.5, -0.1, -0.05]",2,0.3047385290253414,0.07972123746597184,0.5297558205847109,1498.5971193680084,1495.1694562201696
"[100, 1, 20, 20]","[1, 0.5, -0.1, -0.05]",3,0.31112128518453014,0.07981515862297633,0.5424274117460839,1498.7739496533256,1495.1694562201696
"[100, 1, 20, 20]","[1, 0.5, -0.1, -0.05]",4,0.14713598906298953,-0.05091914799763406,0.34519112612361313,1496.6488069816291,1495.1694562201696
"[100, 1, 20, 20]","[1, 0.5, -0.1, -0.05]",5,0.05585812789977484,-0.15074645670040684,0.2624627124999565,1495.311280962517,1495.1694562201696
"[100, 1, 20, 20]","[1, 0.5, -0.1, -0.05]",6,0.04683980504882049,-0.1582227843182601,0.25190239441590107,1495.1686598280698,1495.1694562201696
"[100, 1, 20, 20]","[1, 0.5, -0.1, -0.05]",7,-0.06051288402717522,-0.28141913980393346,0.160393371749583,1493.4610238940165,1495.1694562201696
"[100, 1, 20, 20]","[1, 0.5, -0.1, -0.05]",8,-0.0528838982211752,-0.2730067340023705,0.16723893756002012,1493.5720062619187,1495.1694562201696
"[100, 1, 20, 20]","[1, 0.5, -0.1, -0.05]",9,-0.05259043033776239,-0.27271012570662306,0.1675292650310983,1493.5767072852104,1495.1694562201696
"[100, 1, 20, 20]","[1, 0.5, -0.1, -0.05]",10,-0.05259043033776239,-0.27271012570662306,0.1675292650310983,1493.5767072852104,1495.1694562201696
"[100, 1, 20, 20]","[1, 0.5, -0.1, -0.05]",11,-0.05259043033776239,-0.27271012570662306,0.1675292650310983,1493.5767072852104,1495.1694562201696
"[100, 1, 20, 20]","[1, 0.5, -0.1, -0.05]",12,-0.054757116812045876,-0.2748688081060242,0.16535457448193244,1493.5421483177809,1495.1694562201696
"[100, 1, 20, 20]","[1, 0.5, -0.1, -0.05]",13,-0.054757116812045876,-0.2748688081060242,0.16535457448193244,1493.5421483177809,1495.1694562201696
"[100, 1, 20, 20]","[1, 0.5, -0.1, -0.05]",14,-0.054757116812045876,-0.2748688081060242,0.16535457448193244,1493.5421483177809,1495.1694562201696
"[100, 1, 20, 20]","[1, 0.5, -0.1, -0.05]",15,-0.054757116812045876,-0.2748688081060242,0.16535457448193244,1493.5421483177809,1495.1694562201696
"[100, 1, 20, 20]","[1, 0.5, -0.1, -0.05]",16,-0.054757116812045876,-0.2748688081060242,0.16535457448193244,1493.5421483177809,1495.1694562201696
"[100, 1, 20, 20]","[1, 0.5, -0.1, -0.05]",17,-0.054757116812045876,-0.2748688081060242,0.16535457448193244,1493.5421483177809,1495.1694562201696
"[100, 1, 20, 20]","[1, 0.5, -0.1, -0.05]",18,-0.054757116812045876,-0.2748688081060242,0.16535457448193244,1493.5421483177809,1495.1694562201696
"[100, 1, 20, 20]","[1, 0.5, -0.1, -0.05]",19,-0.054757116812045876,-0.2748688081060242,0.16535457448193244,1493.5421483177809,1495.1694562201696
"[100, 1, 20, 20]","[1, 0.5, -0.1, -0.05]",20,-0.054757116812045876,-0.2748688081060242,0.16535457448193244,1493.5421483177809,1495.1694562201696
"[100, 1, 20, 20]","[1, 0.5, 0.0, 0.0]",0,12.122126930449632,11.437488129520746,12.806765731378517,1544.8708164290465,1383.3869845001088
"[100, 1, 20, 20]","[1, 0.5, 0.0, 0.0]",1,0.6554232898236676,0.43321523309017596,0.8776313465571592,1391.8698517076343,1383.3869845001088
"[100, 1, 20, 20]","[1, 0.5, 0.0, 0.0]",2,0.5259968566440447,0.29082830526932735,0.7611654080187621,1390.0020873674462,1383.3869845001088
"[100, 1, 20, 20]","[1, 0.5, 0.0, 0.0]",3,0.5094736563488841,0.2752765152650759,0.7436707974326923,1389.7781951598404,1383.3869845001088
"[100, 1, 20, 20]","[1, 0.5, 0.0, 0.0]",4,0.5086241382025465,0.2744766338255942,0.7427716425794988,1389.7665547434403,1383.3869845001088
"[100, 1, 20, 20]","[1, 0.5, 0.0, 0.0]",5,0.5086241382025465,0.2744766338255942,0.7427716425794988,1389.7665547434403,1383.3869845001088
"[100, 1, 20, 20]","[1, 0.5, 0.0, 0.0]",6,0.5008471794698017,0.26599701254995795,0.7356973463896455,1389.651915343538,1383.3869845001088
"[100, 1, 20, 20]","[1, 0.5, 0.0, 0.0]",7,0.5014668204776609,0.2665881227638704,0.7363455181914513,1389.6602718171462,1383.3869845001088
"[100, 1, 20, 20]","[1, 0.5, 0.0, 0.0]",8,0.5010793424151255,0.26622624189887223,0.7359324429313788,1389.6538326907673,1383.3869845001088
"[100, 1, 20, 20]","[1, 0.5, 0.0, 0.0]",9,0.5010793424151255,0.26622624189887223,0.7359324429313788,1389.6538326907673,1383.3869845001088
"[100, 1, 20, 20]","[1, 0.5, 0.0, 0.0]",10,0.5010998659602656,0.266247647248503,0.7359520846720281,1389.6541125829015,1383.3869845001088
"[100, 1, 20, 20]","[1, 0.5, 0.0, 0.0]",11,0.5010998659602656,0.266247647248503,0.7359520846720281,1389.6541125829015,1383.3869845001088
"[100, 1, 20, 20]","[1, 0.5, 0.0, 0.0]",12,0.5010998659602656,0.266247647248503,0.7359520846720281,1389.6541125829015,1383.3869845001088
"[100, 1, 20, 20]","[1, 0.5, 0.0, 0.0]",13,0.5010998659602656,0.266247647248503,0.7359520846720281,1389.6541125829015,1383.3869845001088
"[100, 1, 20, 20]","[1, 0.5, 0.0, 0.0]",14,0.5009980171758304,0.26609924680236485,0.7358967875492959,1389.646058209006,1383.3869845001088
"[100, 1, 20, 20]","[1, 0.5, 0.0, 0.0]",15,0.5009980171758304,0.26609924680236485,0.7358967875492959,1389.646058209006,1383.3869845001088
"[100, 1, 20, 20]","[1, 0.5, 0.0, 0.0]",16,0.5579084704411471,0.3184366702040605,0.7973802706782337,1390.420959583484,1383.3869845001088
"[100, 1, 20, 20]","[1, 0.5, 0.0, 0.0]",17,0.5009980171758304,0.26609924680236485,0.7358967875492959,1389.646058209006,1383.3869845001088
"[100, 1, 20, 20]","[1, 0.5, 0.0, 0.0]",18,0.5009980171758304,0.26609924680236485,0.7358967875492959,1389.646058209006,1383.3869845001088
"[100, 1, 20, 20]","[1, 0.5, 0.0, 0.0]",19,0.5025056813703942,0.26749354236360195,0.7375178203771864,1389.6711126345963,1383.3869845001088
"[100, 1, 20, 20]","[1, 0.5, 0.0, 0.0]",20,0.5594161346357109,0.31983450684742326,0.7989977624239986,1390.4460140090746,1383.3869845001088
"[100, 1, 20, 80]","[1, 0.5, -0.1, -0.2]",0,2.753743340000932,2.3807727457029833,3.1267139342988806,1995.4983666856672,1945.9259646735602
"[100, 1, 20, 80]","[1, 0.5, -0.1, -0.2]",1,2.6124098729496246,2.208086291522367,3.0167334543768822,1992.7448117980557,1945.9259646735602
"[100, 1, 20, 80]","[1, 0.5, -0.1, -0.2]",2,2.6124098729496246,2.208086291522367,3.0167334543768822,1992.7448117980557,1945.9259646735602
"[100, 1, 20, 80]","[1, 0.5, -0.1, -0.2]",3,2.6124098729496246,2.208086291522367,3.0167334543768822,1992.7448117980557,1945.9259646735602
"[100, 1, 20, 80]","[1, 0.5, -0.1, -0.2]",4,2.6124098729496246,2.208086291522367,3.0167334543768822,1992.7448117980557,1945.9259646735602
"[100, 1, 20, 80]","[1, 0.5, -0.1, -0.2]",5,2.6124098729496246,2.208086291522367,3.0167334543768822,1992.7448117980557,1945.9259646735602
"[100, 1, 20, 80]","[1, 0.5, -0.1, -0.2]",6,2.6124098729496246,2.208086291522367,3.0167334543768822,1992.7448117980557,1945.9259646735602
"[100, 1, 20, 80]","[1, 0.5, -0.1, -0.2]",7,2.6124098729496246,2.208086291522367,3.0167334543768822,1992.7448117980557,1945.9259646735602
"[100, 1, 20, 80]","[1, 0.5, -0.1, -0.2]",8,2.6124098729496246,2.208086291522367,3.0167334543768822,1992.7448117980557,1945.9259646735602
"[100, 1, 20, 80]","[1, 0.5, -0.1, -0.2]",9,2.6124098729496246,2.208086291522367,3.0167334543768822,1992.7448117980557,1945.9259646735602
"[100, 1, 20, 80]","[1, 0.5, -0.1, -0.2]",10,2.6124098729496246,2.208086291522367,3.0167334543768822,1992.7448117980557,1945.9259646735602
"[100, 1, 20, 80]","[1, 0.5, -0.1, -0.2]",11,2.6124098729496246,2.208086291522367,3.0167334543768822,1992.7448117980557,1945.9259646735602
"[100, 1, 20, 80]","[1, 0.5, -0.1, -0.2]",12,2.6124098729496246,2.208086291522367,3.0167334543768822,1992.7448117980557,1945.9259646735602
"[100, 1, 20, 80]","[1, 0.5, -0.1, -0.2]",13,2.6124098729496246,2.208086291522367,3.0167334543768822,1992.7448117980557,1945.9259646735602
"[100, 1, 20, 80]","[1, 0.5, -0.1, -0.2]",14,2.6124098729496246,2.208086291522367,3.0167334543768822,1992.7448117980557,1945.9259646735602
"[100, 1, 20, 80]","[1, 0.5, -0.1, -0.2]",15,2.6124098729496246,2.208086291522367,3.0167334543768822,1992.7448117980557,1945.9259646735602
"[100, 1, 20, 80]","[1, 0.5, -0.1, -0.2]",16,2.6124098729496246,2.208086291522367,3.0167334543768822,1992.7448117980557,1945.9259646735602
"[100, 1, 20, 80]","[1, 0.5, -0.1, -0.2]",17,2.6124098729496246,2.208086291522367,3.0167334543768822,1992.7448117980557,1945.9259646735602
"[100, 1, 20, 80]","[1, 0.5, -0.1, -0.2]",18,2.6124098729496246,2.208086291522367,3.0167334543768822,1992.7448117980557,1945.9259646735602
"[100, 1, 20, 80]","[1, 0.5, -0.1, -0.2]",19,2.6124098729496246,2.208086291522367,3.0167334543768822,1992.7448117980557,1945.9259646735602
"[100, 1, 20, 80]","[1, 0.5, -0.1, -0.2]",20,2.6124098729496246,2.208086291522367,3.0167334543768822,1992.7448117980557,1945.9259646735602
"[100, 1, 20, 80]","[1, 0.5, -0.05, -0.1]",0,3.9851526062860656,3.6114517193454274,4.358853493226704,1905.7287773306784,1837.014341279559
"[100, 1, 20, 80]","[1, 0.5, -0.05, -0.1]",1,3.8856383549196103,3.4808908520398845,4.290385857799336,1904.9046192228336,1837.014341279559
"[100, 1, 20, 80]","[1, 0.5, -0.05, -0.1]",2,3.3580270422387586,3.0050450710053918,3.7110090134721254,1895.1674879111788,1837.014341279559
"[100, 1, 20, 80]","[1, 0.5, -0.05, -0.1]",3,4.763691648463724,4.370578102622254,5.1568051943051945,1920.4849716488961,1837.014341279559
"[100, 1, 20, 80]","[1, 0.5, -0.05, -0.1]",4,3.8856383549196103,3.4808908520398845,4.290385857799336,1904.9046192228336,1837.014341279559
"[100, 1, 20, 80]","[1, 0.5, -0.05, -0.1]",5,3.3580270422387586,3.0050450710053918,3.7110090134721254,1895.1674879111788,1837.014341279559
"[100, 1, 20, 80]","[1, 0.5, -0.05, -0.1]",6,3.3580270422387586,3.0050450710053918,3.7110090134721254,1895.1674879111788,1837.014341279559
"[100, 1, 20, 80]","[1, 0.5, -0.05, -0.1]",7,3.3580270422387586,3.0050450710053918,3.7110090134721254,1895.1674879111788,1837.014341279559
"[100, 1, 20, 80]","[1, 0.5, -0.05, -0.1]",8,3.3580270422387586,3.0050450710053918,3.7110090134721254,1895.1674879111788,1837.014341279559
"[100, 1, 20, 80]","[1, 0.5, -0.05, -0.1]",9,3.3580270422387586,3.0050450710053918,3.7110090134721254,1895.1674879111788,1837.014341279559
"[100, 1, 20, 80]","[1, 0.5, -0.05, -0.1]",10,3.3580270422387586,3.0050450710053918,3.7110090134721254,1895.1674879111788,1837.014341279559
"[100, 1, 20, 80]","[1, 0.5, -0.05, -0.1]",11,3.3580270422387586,3.0050450710053918,3.7110090134721254,1895.1674879111788,1837.014341279559
"[100, 1, 20, 80]","[1, 0.5, -0.05, -0.1]",12,3.3580270422387586,3.0050450710053918,3.7110090134721254,1895.1674879111788,1837.014341279559
"[100, 1, 20, 80]","[1, 0.5, -0.05, -0.1]",13,3.3580270422387586,3.0050450710053918,3.7110090134721254,1895.1674879111788,1837.014341279559
"[100, 1, 20, 80]","[1, 0.5, -0.05, -0.1]",14,3.3580270422387586,3.0050450710053918,3.7110090134721254,1895.1674879111788,1837.014341279559
"[100, 1, 20, 80]","[1, 0.5, -0.05, -0.1]",15,3.3580270422387586,3.0050450710053918,3.7110090134721254,1895.1674879111788,1837.014341279559
"[100, 1, 20, 80]","[1, 0.5, -0.05, -0.1]",16,3.3580270422387586,3.0050450710053918,3.7110090134721254,1895.1674879111788,1837.014341279559
"[100, 1, 20, 80]","[1, 0.5, -0.05, -0.1]",17,4.763691648463724,4.370578102622254,5.1568051943051945,1920.4849716488961,1837.014341279559
"[100, 1, 20, 80]","[1, 0.5, -0.05, -0.1]",18,3.3580270422387586,3.0050450710053918,3.7110090134721254,1895.1674879111788,1837.014341279559
"[100, 1, 20, 80]","[1, 0.5, -0.05, -0.1]",19,3.3580270422387586,3.0050450710053918,3.7110090134721254,1895.1674879111788,1837.014341279559
"[100, 1, 20, 80]","[1, 0.5, -0.05, -0.1]",20,3.3580270422387586,3.0050450710053918,3.7110090134721254,1895.1674879111788,1837.014341279559
"[100, 1, 20, 80]","[1, 0.5, -0.2, -0.1]",0,4.107122444596587,3.7066443835379883,4.507600505655184,2017.213146946929,1942.480652240416
"[100, 1, 20, 80]","[1, 0.5, -0.2, -0.1]",1,2.786597535515315,2.377514742468641,3.1956803285619895,1992.6604081447683,1942.480652240416
"[100, 1, 20, 80]","[1, 0.5, -0.2, -0.1]",2,2.786597535515315,2.377514742468641,3.1956803285619895,1992.6604081447683,1942.480652240416
"[100, 1, 20, 80]","[1, 0.5, -0.2, -0.1]",3,2.786597535515315,2.377514742468641,3.1956803285619895,1992.6604081447683,1942.480652240416
"[100, 1, 20, 80]","[1, 0.5, -0.2, -0.1]",4,2.786597535515315,2.377514742468641,3.1956803285619895,1992.6604081447683,1942.480652240416
"[100, 1, 20, 80]","[1, 0.5, -0.2, -0.1]",5,2.786597535515315,2.377514742468641,3.1956803285619895,1992.6604081447683,1942.480652240416
"[100, 1, 20, 80]","[1, 0.5, -0.2, -0.1]",6,2.786597535515315,2.377514742468641,3.1956803285619895,1992.6604081447683,1942.480652240416
"[100, 1, 20, 80]","[1, 0.5, -0.2, -0.1]",7,2.786597535515315,2.377514742468641,3.1956803285619895,1992.6604081447683,1942.480652240416
"[100, 1, 20, 80]","[1, 0.5, -0.2, -0.1]",8,2.786597535515315,2.377514742468641,3.1956803285619895,1992.6604081447683,1942.480652240416
"[100, 1, 20, 80]","[1, 0.5, -0.2, -0.1]",9,2.786597535515315,2.377514742468641,3.1956803285619895,1992.6604081447683,1942.480652240416
"[100, 1, 20, 80]","[1, 0.5, -0.2, -0.1]",10,2.786597535515315,2.377514742468641,3.1956803285619895,1992.6604081447683,1942.480652240416
"[100, 1, 20, 80]","[1, 0.5, -0.2, -0.1]",11,2.786597535515315,2.377514742468641,3.1956803285619895,1992.6604081447683,1942.480652240416
"[100, 1, 20, 80]","[1, 0.5, -0.2, -0.1]",12,2.786597535515315,2.377514742468641,3.1956803285619895,1992.6604081447683,1942.480652240416
"[100, 1, 20, 80]","[1, 0.5, -0.2, -0.1]",13,2.786597535515315,2.377514742468641,3.1956803285619895,1992.6604081447683,1942.480652240416
"[100, 1, 20, 80]","[1, 0.5, -0.2, -0.1]",14,2.786597535515315,2.377514742468641,3.1956803285619895,1992.6604081447683,1942.480652240416
"[100, 1, 20, 80]","[1, 0.5, -0.2, -0.1]",15,2.786597535515315,2.377514742468641,3.1956803285619895,1992.6604081447683,1942.480652240416
"[100, 1, 20, 80]","[1, 0.5, -0.2, -0.1]",16,2.786597535515315,2.377514742468641,3.1956803285619895,1992.6604081447683,1942.480652240416
"[100, 1, 20, 80]","[1, 0.5, -0.2, -0.1]",17,2.786597535515315,2.377514742468641,3.1956803285619895,1992.6604081447683,1942.480652240416
"[100, 1, 20, 80]","[1, 0.5, -0.2, -0.1]",18,2.786597535515315,2.377514742468641,3.1956803285619895,1992.6604081447683,1942.480652240416
"[100, 1, 20, 80]","[1, 0.5, -0.2, -0.1]",19,2.786597535515315,2.377514742468641,3.1956803285619895,1992.6604081447683,1942.480652240416
"[100, 1, 20, 80]","[1, 0.5, -0.2, -0.1]",20,2.786597535515315,2.377514742468641,3.1956803285619895,1992.6604081447683,1942.480652240416
"[100, 1, 20, 80]","[1, 0.5, -0.1, -0.05]",0,6.788545110051169,6.361933111413468,7.21515710868887,1924.0866304175615,1806.443715792942
"[100, 1, 20, 80]","[1, 0.5, -0.1, -0.05]",1,4.081188120601027,3.632420208240298,4.529956032961756,1877.6263419918023,1806.443715792942
"[100, 1, 20, 80]","[1, 0.5, -0.1, -0.05]",2,3.3801776456920978,3.002569555832358,3.7577857355518374,1864.9052817715474,1806.443715792942
"[100, 1, 20, 80]","[1, 0.5, -0.1, -0.05]",3,3.7315980349849576,3.338590192575986,4.124605877393929,1870.94586125024,1806.443715792942
"[100, 1, 20, 80]","[1, 0.5, -0.1, -0.05]",4,3.7315980349849576,3.338590192575986,4.124605877393929,1870.94586125024,1806.443715792942
"[100, 1, 20, 80]","[1, 0.5, -0.1, -0.05]",5,3.7619177929846965,3.371854149900174,4.151981436069219,1871.426856276365,1806.443715792942
"[100, 1, 20, 80]","[1, 0.5, -0.1, -0.05]",6,3.7619177929846965,3.371854149900174,4.151981436069219,1871.426856276365,1806.443715792942
"[100, 1, 20, 80]","[1, 0.5, -0.1, -0.05]",7,3.7619177929846965,3.371854149900174,4.151981436069219,1871.426856276365,1806.443715792942
"[100, 1, 20, 80]","[1, 0.5, -0.1, -0.05]",8,3.7619177929846965,3.371854149900174,4.151981436069219,1871.426856276365,1806.443715792942
"[100, 1, 20, 80]","[1, 0.5, -0.1, -0.05]",9,3.7619177929846965,3.371854149900174,4.151981436069219,1871.426856276365,1806.443715792942
"[100, 1, 20, 80]","[1, 0.5, -0.1, -0.05]",10,3.7619177929846965,3.371854149900174,4.151981436069219,1871.426856276365,1806.443715792942
"[100, 1, 20, 80]","[1, 0.5, -0.1, -0.05]",11,3.7619177929846965,3.371854149900174,4.151981436069219,1871.426856276365,1806.443715792942
"[100, 1, 20, 80]","[1, 0.5, -0.1, -0.05]",12,3.7619177929846965,3.371854149900174,4.151981436069219,1871.426856276365,1806.443715792942
"[100, 1, 20, 80]","[1, 0.5, -0.1, -0.05]",13,3.7619177929846965,3.371854149900174,4.151981436069219,1871.426856276365,1806.443715792942
"[100, 1, 20, 80]","[1, 0.5, -0.1, -0.05]",14,3.7619177929846965,3.371854149900174,4.151981436069219,1871.426856276365,1806.443715792942
"[100, 1, 20, 80]","[1, 0.5, -0.1, -0.05]",15,3.7619177929846965,3.371854149900174,4.151981436069219,1871.426856276365,1806.443715792942
"[100, 1, 20, 80]","[1, 0.5, -0.1, -0.05]",16,3.7619177929846965,3.371854149900174,4.151981436069219,1871.426856276365,1806.443715792942
"[100, 1, 20, 80]","[1, 0.5, -0.1, -0.05]",17,3.7619177929846965,3.371854149900174,4.151981436069219,1871.426856276365,1806.443715792942
"[100, 1, 20, 80]","[1, 0.5, -0.1, -0.05]",18,3.7619177929846965,3.371854149900174,4.151981436069219,1871.426856276365,1806.443715792942
"[100, 1, 20, 80]","[1, 0.5, -0.1, -0.05]",19,3.7619177929846965,3.371854149900174,4.151981436069219,1871.426856276365,1806.443715792942
"[100, 1, 20, 80]","[1, 0.5, -0.1, -0.05]",20,3.7619177929846965,3.371854149900174,4.151981436069219,1871.426856276365,1806.443715792942
"[100, 1, 20, 80]","[1, 0.5, 0.0, 0.0]",0,2.229620680731954,1.577913043318502,2.881328318145406,1734.4216655640803,1706.7340496299262
"[100, 1, 20, 80]","[1, 0.5, 0.0, 0.0]",1,6.50359159546246,5.7890246143121535,7.218158576612766,1805.9816996672837,1706.7340496299262
"[100, 1, 20, 80]","[1, 0.5, 0.0, 0.0]",2,5.713215296845914,5.146556651461358,6.27987394223047,1798.8322658637012,1706.7340496299262
"[100, 1, 20, 80]","[1, 0.5, 0.0, 0.0]",3,5.731190387382632,5.164799998204824,6.297580776560441,1799.149355123677,1706.7340496299262
"[100, 1, 20, 80]","[1, 0.5, 0.0, 0.0]",4,6.837951754281777,6.08007073391945,7.595832774644104,1811.1760231597705,1706.7340496299262
"[100, 1, 20, 80]","[1, 0.5, 0.0, 0.0]",5,5.73549148871522,5.1693348419576735,6.3016481354727665,1799.2182839417142,1706.7340496299262
"[100, 1, 20, 80]","[1, 0.5, 0.0, 0.0]",6,6.837951754281777,6.08007073391945,7.595832774644104,1811.1760231597705,1706.7340496299262
"[100, 1, 20, 80]","[1, 0.5, 0.0, 0.0]",7,5.73549148871522,5.1693348419576735,6.3016481354727665,1799.2182839417142,1706.7340496299262
"[100, 1, 20, 80]","[1, 0.5, 0.0, 0.0]",8,5.73549148871522,5.1693348419576735,6.3016481354727665,1799.2182839417142,1706.7340496299262
"[100, 1, 20, 80]","[1, 0.5, 0.0, 0.0]",9,6.837951754281777,6.08007073391945,7.595832774644104,1811.1760231597705,1706.7340496299262
"[100, 1, 20, 80]","[1, 0.5, 0.0, 0.0]",10,5.73549148871522,5.1693348419576735,6.3016481354727665,1799.2182839417142,1706.7340496299262
"[100, 1, 20, 80]","[1, 0.5, 0.0, 0.0]",11,5.73549148871522,5.1693348419576735,6.3016481354727665,1799.2182839417142,1706.7340496299262
"[100, 1, 20, 80]","[1, 0.5, 0.0, 0.0]",12,6.837951754281777,6.08007073391945,7.595832774644104,1811.1760231597705,1706.7340496299262
"[100, 1, 20, 80]","[1, 0.5, 0.0, 0.0]",13,5.73549148871522,5.1693348419576735,6.3016481354727665,1799.2182839417142,1706.7340496299262
"[100, 1, 20, 80]","[1, 0.5, 0.0, 0.0]",14,5.73549148871522,5.1693348419576735,6.3016481354727665,1799.2182839417142,1706.7340496299262
"[100, 1, 20, 80]","[1, 0.5, 0.0, 0.0]",15,6.837951754281777,6.08007073391945,7.595832774644104,1811.1760231597705,1706.7340496299262
"[100, 1, 20, 80]","[1, 0.5, 0.0, 0.0]",16,5.73549148871522,5.1693348419576735,6.3016481354727665,1799.2182839417142,1706.7340496299262
"[100, 1, 20, 80]","[1, 0.5, 0.0, 0.0]",17,5.73549148871522,5.1693348419576735,6.3016481354727665,1799.2182839417142,1706.7340496299262
"[100, 1, 20, 80]","[1, 0.5, 0.0, 0.0]",18,6.837951754281777,6.08007073391945,7.595832774644104,1811.1760231597705,1706.7340496299262
"[100, 1, 20, 80]","[1, 0.5, 0.0, 0.0]",19,5.73549148871522,5.1693348419576735,6.3016481354727665,1799.2182839417142,1706.7340496299262
"[100, 1, 20, 80]","[1, 0.5, 0.0, 0.0]",20,5.73549148871522,5.1693348419576735,6.3016481354727665,1799.2182839417142,1706.7340496299262
